Date,Emissions(g)
2017-08-01,4870543.8128293995
2017-08-02,408653.4510744
2017-08-03,660632.4139879999
2017-08-04,273762.8122775
2017-08-05,183067.8818863
2017-08-06,633401.0699693001
2017-08-07,711002.4821231
2017-08-08,197485.7574861
2017-08-09,694261.8455727
2017-08-10,734751.8214755
2017-08-11,491430.3041445
2017-08-12,532843.4503248
2017-08-13,567336.7995039
2017-08-14,666555.8521771
2017-08-15,825510.6573199
2017-08-16,618160.8061369001
2017-08-17,475622.8392086
2017-08-18,476083.2382829
2017-08-19,962457.0969949
2017-08-20,2127077.2978235
2017-08-21,3314040.8282078
2017-08-22,4042285.0422603996
2017-08-23,383700.9669604
2017-08-24,3319657.5346664
2017-08-25,3903290.9839533
2017-08-26,3843114.6777506
2017-08-27,358636.6833917
2017-08-28,1385445.9777505998
2017-08-29,1070554.1859879
2017-08-30,653521.0556723999
2017-08-31,652783.3824055
2017-09-01,879336.2621788
2017-09-02,1015854.5737828
2017-09-03,996045.0416049
2017-09-04,974981.7851108001
2017-09-05,850400.3018649
2017-09-06,1063404.7346083
2017-09-07,1570581.4846173
2017-09-08,1419947.537277
2017-09-09,1198698.7038274999
2017-09-10,1179535.2707876
2017-09-11,1241339.3615358998
2017-09-12,1339773.3845272001
2017-09-13,1203198.9994858
2017-09-14,1290719.9556496001
2017-09-15,1184827.9034043
2017-09-16,1193975.7952913998
2017-09-17,1233442.7614374
2017-09-18,2482929.8387327
2017-09-19,1850026.1778807999
2017-09-20,1904832.8714047002
2017-09-21,359003.46720739995
2017-09-22,2814660.1061855005
2017-09-23,2392416.0058793
2017-09-24,1788624.6721602
2017-09-25,1915234.4074444002
2017-09-26,2133033.5611154996
2017-09-27,1869826.8878865999
2017-09-28,708363.8959883999
2017-09-29,157118.8277187
2017-09-30,2453167.1382831
2017-10-01,3973569.459142
2017-10-02,2055090.3936684
2017-10-03,192905.2702975
2017-10-04,3063845.0446961
2017-10-05,4037745.5405099005
2017-10-06,399362.5200262
2017-10-07,818535.9139150999
2017-10-08,614984.1785182
2017-10-09,528863.3106595001
2017-10-10,649486.8629069
2017-10-11,575747.0172862
2017-10-12,1689870.3604262
2017-10-13,2890444.6784678
2017-10-14,505167.16655080003
2017-10-15,227526.92218660002
2017-10-16,300021.9290411
2017-10-17,167229.9873309
2017-10-18,512088.87366650003
2017-10-19,620198.5035723001
2017-10-20,644774.2516271999
2017-10-21,401335.4264555
2017-10-22,79014.74237275081
2017-10-23,471093.87498140003
2017-10-24,679455.434561
2017-10-25,743724.3121212
2017-10-26,1715890.2818019998
2017-10-27,5086452.9559243005
2017-10-28,5494287.0716933
2017-10-29,667779.9334199001
2017-10-30,556184.4357945
2017-10-31,549883.6574677
2017-11-01,579073.008147
2017-11-02,578519.99722
2017-11-03,2550636.7985404
2017-11-04,2156466.2147311
2017-11-05,1302280.2206998002
2017-11-06,1603204.4060465
2017-11-07,1597695.0005257
2017-11-08,1564452.8602210998
2017-11-09,1013975.6331522
2017-11-10,3711952.2225448
2017-11-11,6173357.020994799
2017-11-12,7367723.0016278
2017-11-13,1275728.9741977
2017-11-14,1864053.2678846
2017-11-15,1988770.5316207
2017-11-16,906341.7068966001
2017-11-17,1257590.3263949002
2017-11-18,1886959.9648759
2017-11-19,1375277.7053035
2017-11-20,1495182.4221460002
2017-11-21,1630853.6188716001
2017-11-22,1637645.318719
2017-11-23,2273480.3853909997
2017-11-24,2133012.3505674
2017-11-25,2033324.7088511998
2017-11-26,1879188.3211100001
2017-11-27,1623403.1041245
2017-11-28,1739434.5689075
2017-11-29,1587812.2063902998
2017-11-30,1401104.5713388
2017-12-01,1555340.3511511001
2017-12-02,1342147.8892473
2017-12-03,1500165.6165961002
2017-12-04,1497202.7900309002
2017-12-05,1473664.4924090002
2017-12-06,1529840.7014396999
2017-12-07,707775.9847062
2017-12-08,1294755.3826312998
2017-12-09,1173758.7161454998
2017-12-10,1076754.57987
2017-12-11,1123372.0372477002
2017-12-12,1110930.3499141
2017-12-13,1272675.9094002
2017-12-14,1454306.9903048
2017-12-15,1175148.799811
2017-12-16,1169889.1118447
2017-12-17,1209161.1385609999
2017-12-18,1592419.7469383
2017-12-19,1682488.0976254
2017-12-20,2879878.8428709
2017-12-21,2512903.3929257
2017-12-22,1940963.8114454001
2017-12-23,2432129.0322161
2017-12-24,2460192.0868304
2017-12-25,2327034.6465739
2017-12-26,2373688.1677411003
2017-12-27,2334825.7985265
2017-12-28,2251456.7461461
2017-12-29,2011954.1135316999
2017-12-30,2451633.1011268
2017-12-31,2424771.0933924005
2018-01-01,2214655.3087836998
2018-01-02,2473669.5754222
2018-01-03,2237833.0366863003
2018-01-04,2249335.3395368
2018-01-05,1973193.9094321001
2018-01-06,2166606.1547018997
2018-01-07,2200872.1473286
2018-01-08,1866940.6752116
2018-01-09,2156795.5477557997
2018-01-10,2510061.1053365
2018-01-11,2710710.6703318
2018-01-12,2425167.7980017997
2018-01-13,2884394.7512537003
2018-01-14,3061375.2933855
2018-01-15,2531641.4560078
2018-01-16,2691053.2778128004
2018-01-17,2388359.5954694003
2018-01-18,2620871.2623471003
2018-01-19,2584509.1748515996
2018-01-20,2464689.4699232997
2018-01-21,2669676.7510671997
2018-01-22,2636120.0296738
2018-01-23,3059031.885247
2018-01-24,2487751.3955111997
2018-01-25,3140223.7944509997
2018-01-26,2932012.0366299003
2018-01-27,2977744.2539210995
2018-01-28,3037169.9604316
2018-01-29,3010309.5695603
2018-01-30,3631847.3023193
2018-01-31,2566869.4620758
2018-02-01,3507868.2399272
2018-02-02,2702080.5938444003
2018-02-03,2818325.8009579
2018-02-04,3094123.8481694
2018-02-05,2630867.6706052995
2018-02-06,3051171.1820941
2018-02-07,3043703.4074856
2018-02-08,3776025.91423
2018-02-09,3267515.4458923
2018-02-10,4064224.2870211
2018-02-11,3729406.3221039
2018-02-12,4039283.1300485
2018-02-13,3359405.7980846
2018-02-14,3754290.6096997
2018-02-15,3895050.8747849
2018-02-16,3931205.6977371997
2018-02-17,3462187.100157
2018-02-18,3602337.4356743004
2018-02-19,4214153.1719171
2018-02-20,3373472.1495549
2018-02-21,3366847.7307532
2018-02-22,3095733.0682171
2018-02-23,3214716.9792663
2018-02-24,3639418.6723402003
2018-02-25,3210441.4088737005
2018-02-26,3344491.918225
2018-02-27,2936784.0797642004
2018-02-28,3263473.547212
2018-03-01,3357871.5132268
2018-03-02,3198513.8031874998
2018-03-03,2972296.2809094
2018-03-04,2958917.2697985
2018-03-05,3237460.5491711
2018-03-06,3290122.3623891002
2018-03-07,3269920.9792922996
2018-03-08,3319714.7607696
2018-03-09,3413686.9948764
2018-03-10,3411879.6040657
2018-03-11,3496113.717989
2018-03-12,3256716.2528818
2018-03-13,3384919.1047117
2018-03-14,3221747.5220192997
2018-03-15,3246159.700501
2018-03-16,3330971.7443036
2018-03-17,3625545.1124807997
2018-03-18,3552731.6624051
2018-03-19,3534796.7637575003
2018-03-20,3400011.827725
2018-03-21,3566063.1473099
2018-03-22,3416868.4899644004
2018-03-23,3587411.7018720005
2018-03-24,3377339.0316273
2018-03-25,3359255.4936912996
2018-03-26,3423789.0786069003
2018-03-27,3717593.5891254
2018-03-28,3001946.4294734
2018-03-29,3210707.4481831
2018-03-30,3079103.5049885
2018-03-31,3081610.650482
2018-04-01,1786483.8440631
2018-04-02,1547246.1763064
2018-04-03,1657913.4672141
2018-04-04,1657263.1914601
2018-04-05,1618792.1147558002
2018-04-06,1647964.6272405
2018-04-07,1697783.0132975
2018-04-08,1618398.2123103999
2018-04-09,1709480.9138922999
2018-04-10,1632911.2616909998
2018-04-11,1778979.3844663
2018-04-12,1459052.9676618
2018-04-13,1756813.7434198
2018-04-14,1840056.6025473
2018-04-15,1858894.4240464
2018-04-16,1783221.0667716
2018-04-17,1775005.7371849
2018-04-18,2029429.8971576998
2018-04-19,2215016.4674486
2018-04-20,2410162.9333451
2018-04-21,2510290.4434036
2018-04-22,2494488.649237
2018-04-23,2817481.1775311
2018-04-24,2771433.264078
2018-04-25,2714344.1704585
2018-04-26,2742956.5160242002
2018-04-27,2896023.2507355
2018-04-28,2939537.2971816002
2018-04-29,2837425.5908535
2018-04-30,2904201.5513355
2018-05-01,2814537.5902056
2018-05-02,3019230.3711609
2018-05-03,2852906.4325897
2018-05-04,2994506.2114605
2018-05-05,3441397.2169824997
2018-05-06,3288307.2523389
2018-05-07,3418147.6456225
2018-05-08,3173262.5049019
2018-05-09,3366855.3182547004
2018-05-10,3232446.1144891004
2018-05-11,3241085.9938902
2018-05-12,3232466.196665
2018-05-13,3309233.798457
2018-05-14,3243658.0566317
2018-05-15,3071207.7190859
2018-05-16,3149713.2939566
2018-05-17,2771924.0583134
2018-05-18,2915694.6679467997
2018-05-19,2878088.8731702003
2018-05-20,3018564.6765832
2018-05-21,3053277.9688091
2018-05-22,2674118.1414746
2018-05-23,2735087.9623997
2018-05-24,2813979.4836584996
2018-05-25,2795929.4408173
2018-05-26,2915316.0430159
2018-05-27,2760672.3108363
2018-05-28,2750950.5164775
2018-05-29,2721563.1073639
2018-05-30,2720386.4988162
2018-05-31,2692233.9170872
2018-06-01,2938899.9674486
2018-06-02,3287691.5400255
2018-06-03,3354945.9333621003
2018-06-04,3354481.7735991
2018-06-05,3615665.8300251
2018-06-06,3543311.3410865003
2018-06-07,3655560.6489143
2018-06-08,3859166.7328574
2018-06-09,3665278.9308364
2018-06-10,3324985.9564795997
2018-06-11,3692964.4556039004
2018-06-12,3658432.1398779
2018-06-13,3502781.545811
2018-06-14,3376204.7205184
2018-06-15,3390382.7644634005
2018-06-16,3370378.8977309
2018-06-17,3397476.3717712997
2018-06-18,3470611.9824658
2018-06-19,3687346.2000907
2018-06-20,3412503.2720912
2018-06-21,3348505.0987427
2018-06-22,3089908.0965068
2018-06-23,3400900.1105261
2018-06-24,3464430.3773363
2018-06-25,3137996.4257599
2018-06-26,3327790.6656158003
2018-06-27,3737895.9129943
2018-06-28,3265418.0519956998
2018-06-29,3008464.1521090004
2018-06-30,3192521.7690093
2018-07-01,3846198.9955653
2018-07-02,3510350.4356112
2018-07-03,3477995.5795218996
2018-07-04,3358023.0348929
2018-07-05,3739723.4235300003
2018-07-06,3623310.1946051996
2018-07-07,3820187.3537256997
2018-07-08,3514192.2269509
2018-07-09,3694717.8951821
2018-07-10,3787065.7601364995
2018-07-11,3513183.4749876997
2018-07-12,3775389.1569105
2018-07-13,4029214.6707795
2018-07-14,4066147.0426155
2018-07-15,3422325.4621578
2018-07-16,3926737.1492904
2018-07-17,3235365.4406580003
2018-07-18,3371301.7128135
2018-07-19,3136920.5822359
2018-07-20,3536670.6522163
2018-07-21,3225743.3783258004
2018-07-22,2860855.5905100997
2018-07-23,2696206.2320061
2018-07-24,2927773.3510211003
2018-07-25,2991021.685917
2018-07-26,2804185.9113041
2018-07-27,2585653.5639487
2018-07-28,2938319.5959504996
2018-07-29,3095841.5521572
2018-07-30,3408736.9574422995
2018-07-31,3028120.5028268
2018-08-01,3209838.7566623995
2018-08-02,3019185.8401205
2018-08-03,3208840.2438560002
2018-08-04,3545443.420522
2018-08-05,3321679.1094879005
2018-08-06,3533936.3962904
2018-08-07,3047037.1764597
2018-08-08,3072070.6378968996
2018-08-09,3153149.1835833997
2018-08-10,3191434.4519895
2018-08-11,3258291.4177810997
2018-08-12,3089874.327203
2018-08-13,3450920.4424414
2018-08-14,2746233.2340726997
2018-08-15,2999581.3715147
2018-08-16,3040961.5145417
2018-08-17,3155463.1275548
2018-08-18,3305992.0489491
2018-08-19,3176707.0989002
2018-08-20,2930932.2562157
2018-08-21,3184666.6786633
2018-08-22,3162864.4212167
2018-08-23,2958577.8196360003
2018-08-24,2994981.1170637
2018-08-25,2946035.3042899
2018-08-26,2793192.2993722
2018-08-27,3087597.8607028
2018-08-28,2985074.9937004
2018-08-29,2900284.7023127
2018-08-30,2885351.0651073996
2018-08-31,2908162.0722403
2018-09-01,3275133.8687733
2018-09-02,3119766.4858958
2018-09-03,3139665.4019390005
2018-09-04,2899052.9768645
2018-09-05,3852751.9414519
2018-09-06,2492234.4115866004
2018-09-07,3432593.6230595005
2018-09-08,2903804.0693037002
2018-09-09,2983467.5832305
2018-09-10,2946047.9321005
2018-09-11,2802535.0691192998
2018-09-12,3022228.2443973003
2018-09-13,2844088.7014597002
2018-09-14,2544571.0045409002
2018-09-15,2685608.4369176
2018-09-16,2811016.0305597
2018-09-17,2439774.6924620997
2018-09-18,2659427.6211661
2018-09-19,2677192.3796612
2018-09-20,2802667.8339699996
2018-09-21,2848619.1571282
2018-09-22,2777713.213595
2018-09-23,2927323.2277712
2018-09-24,2661622.9553225003
2018-09-25,2553105.6822849
2018-09-26,2990522.7321651
2018-09-27,3228335.0596213
2018-09-28,3087065.6472238996
2018-09-29,3174908.4221681994
2018-09-30,3033723.5948321
2018-10-01,3018298.5995984
2018-10-02,3083298.8629063
2018-10-03,3027071.3688656995
2018-10-04,3249341.745061
2018-10-05,3228430.8038672
2018-10-06,3103171.0377523997
2018-10-07,3028533.2393659
2018-10-08,3018786.499771
2018-10-09,3082740.6556343
2018-10-10,3283449.9469880997
2018-10-11,2785132.3187021
2018-10-12,2713856.0105351997
2018-10-13,3016841.7903984
2018-10-14,2927926.9862205
2018-10-15,2715587.9369812002
2018-10-16,2803490.8667282998
2018-10-17,2753105.7391140996
2018-10-18,2987574.6672015
2018-10-19,2697136.1006374997
2018-10-20,2720374.4035441
2018-10-21,2577870.3945834
2018-10-22,3015344.3663809
2018-10-23,2590397.1319461996
2018-10-24,2842210.8499043
2018-10-25,2899489.9232750004
2018-10-26,2605697.7902469
2018-10-27,2667981.1275311997
2018-10-28,2590011.4236485
2018-10-29,2676816.9255945003
2018-10-30,2758001.7641117
2018-10-31,2613744.4087893
2018-11-01,2430266.4441757
2018-11-02,2653361.0523603
2018-11-03,2873211.5529416995
2018-11-04,3274019.4719756995
2018-11-05,3252474.8963854
2018-11-06,3357324.3550954997
2018-11-07,3348138.0386313
2018-11-08,3401198.5807524
2018-11-09,3418963.865146
2018-11-10,3338487.8315319
2018-11-11,3391869.3526043
2018-11-12,3486522.5894947997
2018-11-13,3954601.1789395
2018-11-14,3005628.8478101995
2018-11-15,3138598.8445548
2018-11-16,4898546.992408
2018-11-17,3671510.1871273
2018-11-18,3211719.4416019996
2018-11-19,3447015.2691857
2018-11-20,3038514.5982436
2018-11-21,3038664.0625119004
2018-11-22,2843092.8520971
2018-11-23,2143344.1256239996
2018-11-24,1731190.969727
2018-11-25,1350195.8465246
2018-11-26,1438804.736848
2018-11-27,1395389.4719977
2018-11-28,1437004.8400732998
2018-11-29,1253813.602954
2018-11-30,1423124.1250228002
2018-12-01,1338534.7659694
2018-12-02,1261072.6242855
2018-12-03,1144879.4105676
2018-12-04,970929.5505000999
2018-12-05,920576.5061954
2018-12-06,833454.3552941999
2018-12-07,811269.479244
2018-12-08,719736.2787823001
2018-12-09,825142.791546
2018-12-10,874522.1318968
2018-12-11,751502.0937639
2018-12-12,729171.5044897001
2018-12-13,762544.7956216001
2018-12-14,694818.5674081001
2018-12-15,664981.6551918001
2018-12-16,654429.9526325
2018-12-17,703640.7205399
2018-12-18,741105.3717559
2018-12-19,897454.191621
2018-12-20,1054839.236203
2018-12-21,1183964.9365259
2018-12-22,1172750.2282938
2018-12-23,1213387.4507401
2018-12-24,1150501.1048458999
2018-12-25,1149113.5408132
2018-12-26,1108645.2594884
2018-12-27,999786.7151190998
2018-12-28,1220155.9666828
2018-12-29,1043736.5790862
2018-12-30,1035377.2688474001
2018-12-31,973479.0393604999
2019-01-01,1155083.6076356
2019-01-02,1194471.4835691
2019-01-03,1086880.7072304
2019-01-04,1063311.8505114
2019-01-05,1138294.9317241998
2019-01-06,1092744.9037963
2019-01-07,888590.7098883
2019-01-08,1018155.0587831001
2019-01-09,1018227.4881488
2019-01-10,978151.0402456
2019-01-11,948072.0105125001
2019-01-12,1032459.0526048999
2019-01-13,913409.9197191
2019-01-14,1058749.3110341
2019-01-15,999181.6053631
2019-01-16,935632.9244353
2019-01-17,1044734.7646875001
2019-01-18,1002634.3027454
2019-01-19,1082733.0595936
2019-01-20,1012976.5103013999
2019-01-21,1019076.7057083
2019-01-22,959753.3085578
2019-01-23,997856.1380451999
2019-01-24,886984.9920585
2019-01-25,987171.5676165001
2019-01-26,983969.6719130999
2019-01-27,951304.8615432999
2019-01-28,894356.8142832001
2019-01-29,923159.9710585999
2019-01-30,901049.180375
2019-01-31,941604.9266196
2019-02-01,963491.7780374001
2019-02-02,938026.0344841001
2019-02-03,948202.1842410001
2019-02-04,969706.9517391
2019-02-05,954605.9127198999
2019-02-06,954052.4062674
2019-02-07,916425.2713185
2019-02-08,1012730.170359
2019-02-09,947096.8400821
2019-02-10,962597.7736308001
2019-02-11,927180.0562055999
2019-02-12,922829.5999419
2019-02-13,1062175.3025183
2019-02-14,972418.8379254
2019-02-15,965015.8646348
2019-02-16,929552.6689275
2019-02-17,981669.0684373999
2019-02-18,1025217.3112744001
2019-02-19,1076732.8389647
2019-02-20,1052478.8794043
2019-02-21,1037949.8596420999
2019-02-22,987493.5389207001
2019-02-23,991958.6196500999
2019-02-24,1056808.5818230999
2019-02-25,992420.8595946
2019-02-26,957590.7377508
2019-02-27,964522.5938876999
2019-02-28,983613.7099376
2019-03-01,981053.7898891
2019-03-02,1019845.2157047001
2019-03-03,1023171.2021484001
2019-03-04,975073.0716447
2019-03-05,944404.6789317
2019-03-06,992883.3439622
2019-03-07,968912.9158362
2019-03-08,1003133.7217102001
2019-03-09,1010032.3398050999
2019-03-10,971724.3907638
2019-03-11,988775.5926492999
2019-03-12,946874.5509964
2019-03-13,955572.8447237
2019-03-14,969658.4930381
2019-03-15,1052540.1917286
2019-03-16,1172113.6868385
2019-03-17,1197226.0693981
2019-03-18,1058290.1348559002
2019-03-19,1141364.8861163
2019-03-20,1145021.9941513
2019-03-21,976811.1928778001
2019-03-22,1139775.5952886
2019-03-23,1188571.3206035998
2019-03-24,1163456.9073131
2019-03-25,1145833.6131881
2019-03-26,1102965.4387522999
2019-03-27,1406625.3935156001
2019-03-28,1263435.0604827001
2019-03-29,1231828.1458351999
2019-03-30,1238973.8403757
2019-03-31,1142868.6533979
2019-04-01,1025536.8273179001
2019-04-02,1257542.9621578
2019-04-03,1576903.9392745
2019-04-04,1480619.0702437
2019-04-05,1491137.9798618
2019-04-06,1723488.1247798
2019-04-07,1597813.7011270998
2019-04-08,1670742.5228819
2019-04-09,1455203.6579385002
2019-04-10,1455882.9983547
2019-04-11,1355877.7698348
2019-04-12,1540931.6265492
2019-04-13,1524369.6058424
2019-04-14,1510364.2075683
2019-04-15,1674857.8559133997
2019-04-16,1545574.9108562
2019-04-17,1582148.2235558
2019-04-18,1552760.5917602
2019-04-19,1553423.4768008
2019-04-20,1465545.6354748
2019-04-21,1695742.8179466
2019-04-22,1481791.9240556997
2019-04-23,1369869.6195202002
2019-04-24,1488054.9094508
2019-04-25,1403255.9989892
2019-04-26,1500970.1580282
2019-04-27,1350408.743416
2019-04-28,1474223.2257261
2019-04-29,1331206.0459642
2019-04-30,1351313.4723136
2019-05-01,1345761.5184900002
2019-05-02,1394161.2058956
2019-05-03,1503852.1449432
2019-05-04,1503762.1533048
2019-05-05,1622370.8147076
2019-05-06,1517312.3944595
2019-05-07,1456851.6851469001
2019-05-08,1361475.2185121
2019-05-09,1365438.2695572
2019-05-10,1283347.4743674
2019-05-11,1508084.1064198
2019-05-12,1431506.2204366003
2019-05-13,1424059.7354362002
2019-05-14,1332501.4140010998
2019-05-15,1411763.1791057
2019-05-16,1436866.9578341998
2019-05-17,1372871.0736193
2019-05-18,1457016.9503608001
2019-05-19,1527746.1638713
2019-05-20,1401441.195055
2019-05-21,1430902.3894512
2019-05-22,1493501.6341821998
2019-05-23,1526789.2346231
2019-05-24,1430365.1031408
2019-05-25,1397126.095776
2019-05-26,1472733.2255006
2019-05-27,1459705.5483498
2019-05-28,1434697.355865
2019-05-29,1583389.8589762
2019-05-30,1639633.8285003002
2019-05-31,1564394.9170102
2019-06-01,1505772.7733695998
2019-06-02,1678233.4061621
2019-06-03,1451430.7014882
2019-06-04,1727985.072444
2019-06-05,1673726.8116636998
2019-06-06,1651595.9105091998
2019-06-07,1672910.1107771
2019-06-08,1694586.4661305
2019-06-09,1654540.4862906998
2019-06-10,1682748.0738243998
2019-06-11,1600490.9933657
2019-06-12,1600982.7595603
2019-06-13,1743565.1049896998
2019-06-14,1634544.1025486
2019-06-15,1701868.1350540998
2019-06-16,1563023.5938968998
2019-06-17,1328852.1250691
2019-06-18,1535708.3413995001
2019-06-19,1531385.881459
2019-06-20,1459630.1858726998
2019-06-21,1500712.0023988
2019-06-22,1482463.2067934
2019-06-23,1466675.3680627001
2019-06-24,1434355.0513219
2019-06-25,1352799.2604092
2019-06-26,1083536.7827574
2019-06-27,1266975.9249672003
2019-06-28,1381825.6051255001
2019-06-29,1337950.1930257003
2019-06-30,1322783.0523917
2019-07-01,1472483.1802272
2019-07-02,1521736.6051288
2019-07-03,1428469.6495661
2019-07-04,1447128.7098328
2019-07-05,1415048.70352
2019-07-06,1334093.1979609
2019-07-07,1410303.6345173998
2019-07-08,1357787.4725475002
2019-07-09,1462795.338018
2019-07-10,1429626.3735147002
2019-07-11,1275641.1223369
2019-07-12,1270713.5889638
2019-07-13,1310747.4582697
2019-07-14,1283201.600128
2019-07-15,1358087.0824974
2019-07-16,1294338.6186418
2019-07-17,1416512.3146497
2019-07-18,1278867.3910189
2019-07-19,1214595.0148741999
2019-07-20,1314544.2692278
2019-07-21,1357746.4956746001
2019-07-22,1445879.1838675
2019-07-23,1346387.9069191
2019-07-24,1364196.2496016999
2019-07-25,1335456.4542521
2019-07-26,1461151.2181278002
2019-07-27,1352202.2786073
2019-07-28,1363061.498045
2019-07-29,1453099.8318278
2019-07-30,1440697.2971923
2019-07-31,1362759.8237784998
2019-08-01,1404762.8397122
2019-08-02,1342966.5166659001
2019-08-03,1425521.1668672
2019-08-04,1360275.8289311
2019-08-05,1404258.8626551998
2019-08-06,1430338.5337544
2019-08-07,1378317.8891178
2019-08-08,1350374.0189586
2019-08-09,1299819.8562265001
2019-08-10,1381146.5430810002
2019-08-11,1444026.7108131
2019-08-12,1366796.342833
2019-08-13,1540979.0561505002
2019-08-14,1388705.9298042
2019-08-15,1490383.9487906
2019-08-16,1488421.7233328002
2019-08-17,1459378.2842893999
2019-08-18,1504928.8820971001
2019-08-19,1315106.0819349
2019-08-20,1464370.2456606
2019-08-21,1459287.1858485
2019-08-22,1482158.9676932
2019-08-23,1527534.8741467998
2019-08-24,1408187.142371
2019-08-25,1490011.9318748
2019-08-26,1524885.0393397002
2019-08-27,1478238.0693295
2019-08-28,1441431.2465273999
2019-08-29,1456466.3933635
2019-08-30,1441106.1185412
2019-08-31,1451147.7953305
2019-09-01,1036349.1088519
2019-09-02,1042775.333414
2019-09-03,884683.3515326
2019-09-04,1017828.9374191
2019-09-05,999297.6096322001
2019-09-06,977660.4949955001
2019-09-07,1007294.2020160999
2019-09-08,970851.9034121
2019-09-09,1004882.2963882
2019-09-10,1091570.3316749
2019-09-11,1090759.4122915
2019-09-12,1069621.9956897001
2019-09-13,1144243.6336127
2019-09-14,1116275.6453445
2019-09-15,1179376.3792069
2019-09-16,1172634.2861935
2019-09-17,1232347.7392031997
2019-09-18,1257360.7809942
2019-09-19,1096516.2103406999
2019-09-20,1280839.6342866
2019-09-21,1248125.2571945
2019-09-22,1203374.3038398
2019-09-23,1001068.7047867001
2019-09-24,1122654.9988790997
2019-09-25,1042569.6574797
2019-09-26,1100572.4525973
2019-09-27,1131000.4834238999
2019-09-28,1185652.6575906998
2019-09-29,1154179.4976945
2019-09-30,1103392.8078078
2019-10-01,1102324.7045823
2019-10-02,1307563.1139231
2019-10-03,1333865.6493411
2019-10-04,1411677.9551892998
2019-10-05,1345613.7520505001
2019-10-06,1307683.4629624
2019-10-07,1386609.1268067001
2019-10-08,1470147.2063781999
2019-10-09,1364182.5666138
2019-10-10,1350333.4756006
2019-10-11,1256886.0732437999
2019-10-12,1339528.4439149
2019-10-13,1226930.0302979
2019-10-14,1330776.425753
2019-10-15,1359080.3611897
2019-10-16,1314012.2245001001
2019-10-17,1317025.1978225
2019-10-18,1219564.6261914999
2019-10-19,1306274.2921994
2019-10-20,1354185.2802895
2019-10-21,1437227.3447534002
2019-10-22,1393088.1541960998
2019-10-23,1415190.8785209
2019-10-24,1459261.8452398
2019-10-25,1558038.1328824002
2019-10-26,1348466.3241711
2019-10-27,1333186.4910584
2019-10-28,1464635.7026781002
2019-10-29,1528929.2613801
2019-10-30,1619555.6747233
2019-10-31,1448483.0084334998
2019-11-01,1658247.5671944001
2019-11-02,1659158.668648
2019-11-03,1781706.5618526
2019-11-04,1732589.3937832997
2019-11-05,1752346.9115789
2019-11-06,1807648.7921169
2019-11-07,1599247.7623436
2019-11-08,1649499.1137054
2019-11-09,1721867.6528488
2019-11-10,1715530.8893417
2019-11-11,1750154.1812534998
2019-11-12,1653942.5627784
2019-11-13,1772294.8806186
2019-11-14,1681294.4196308
2019-11-15,1667302.6256888001
2019-11-16,1692413.5921418
2019-11-17,1712194.2687358
2019-11-18,1448289.6648803
2019-11-19,1371881.7317110002
2019-11-20,1569837.9249755999
2019-11-21,1592236.0945363
2019-11-22,1523014.7572303
2019-11-23,1563724.1167253
2019-11-24,1481775.1140191
2019-11-25,1650606.320327
2019-11-26,1600927.3443792001
2019-11-27,1553757.3530563
2019-11-28,1567512.6916521
2019-11-29,1582737.8964172
2019-11-30,1577177.5635585
2019-12-01,1787773.8221503
2019-12-02,1612413.5085851
2019-12-03,1754136.785948
2019-12-04,1870191.7772771001
2019-12-05,1756400.7278928
2019-12-06,1799834.2153002
2019-12-07,1812460.6273919002
2019-12-08,1759439.8030708001
2019-12-09,1619989.2952884
2019-12-10,1748919.7549799
2019-12-11,1669205.6621366001
2019-12-12,1757665.1453546998
2019-12-13,1825830.5595715002
2019-12-14,1739366.2024995
2019-12-15,1687197.3766326997
2019-12-16,1830932.6762799001
2019-12-17,1805404.5798147
2019-12-18,1808023.0279783
2019-12-19,1636218.6549394
2019-12-20,1604060.3362969
2019-12-21,1553907.5485625002
2019-12-22,1466565.6297828
2019-12-23,1631294.0660372998
2019-12-24,1661104.704758
2019-12-25,1650270.6225339
2019-12-26,1602938.7535821002
2019-12-27,1829871.1377263002
2019-12-28,1735644.6506202999
2019-12-29,1799775.6921097
2019-12-30,1787636.3425534
2019-12-31,1528886.7106553
2020-01-01,1896992.2239325999
2020-01-02,1717788.2961462
2020-01-03,1972808.3604505998
2020-01-04,2014233.3048508998
2020-01-05,1930112.1974668
2020-01-06,2093701.4999221996
2020-01-07,2007886.8001183998
2020-01-08,1911479.3759271
2020-01-09,1992694.5929391
2020-01-10,2105930.391194
2020-01-11,2167138.3155067996
2020-01-12,2172485.5570193
2020-01-13,1865864.0782417
2020-01-14,2493934.0518938997
2020-01-15,2658516.4346811
2020-01-16,2589348.1168259
2020-01-17,2792151.1601292
2020-01-18,2806491.3912432003
2020-01-19,2090473.9892044999
2020-01-20,2782001.0451629
2020-01-21,2530474.9802206
2020-01-22,2666542.5781767997
2020-01-23,2698431.6797142997
2020-01-24,2744249.9931539
2020-01-25,2536361.1810633997
2020-01-26,2619277.278694
2020-01-27,2839796.1127804
2020-01-28,2883701.8095981004
2020-01-29,3044377.073714
2020-01-30,2757452.6792724
2020-01-31,2920093.8157821996
2020-02-01,3034144.0346138002
2020-02-02,2970742.9360786
2020-02-03,2333250.2030354
2020-02-04,2926729.5970775005
2020-02-05,3343687.2749608
2020-02-06,2746321.4412088
2020-02-07,3333595.519312
2020-02-08,3267894.9029248003
2020-02-09,3366285.6567422
2020-02-10,3296800.2537721
2020-02-11,3381886.3940696996
2020-02-12,3311549.9644162
2020-02-13,3198523.8483843
2020-02-14,3581084.4811659
2020-02-15,3343233.0536402995
2020-02-16,2754270.6113629
2020-02-17,3160728.5425672005
2020-02-18,2981011.2150017
2020-02-19,3011491.2150031
2020-02-20,2859799.8219381003
2020-02-21,2953140.3733695
2020-02-22,2604192.0063672
2020-02-23,2795899.3357998
2020-02-24,2785475.134046
2020-02-25,2694517.8306056
2020-02-26,2637437.2094247
2020-02-27,2749805.4884739
2020-02-28,2739270.8769230004
2020-02-29,2604582.4260843997
2020-03-01,2689367.6417141994
2020-03-02,2729569.9149126
2020-03-03,2916024.0837223995
2020-03-04,2799416.8090697
2020-03-05,2731325.8645611
2020-03-06,2729314.1611842997
2020-03-07,2794975.7539306004
2020-03-08,2750417.1380879
2020-03-09,2687872.3765691
2020-03-10,2760575.3503322997
2020-03-11,2669479.8755010003
2020-03-12,2383338.7008902
2020-03-13,2309241.3625294
2020-03-14,2448240.1852689
2020-03-15,2521904.792771
2020-03-16,2610452.8626159
2020-03-17,2482254.7026001
2020-03-18,2649321.4522299
2020-03-19,2749480.273075
2020-03-20,2631630.2561709
2020-03-21,2699423.8946351996
2020-03-22,2712584.7237599
2020-03-23,2655166.6431119996
2020-03-24,2690252.4427414
2020-03-25,2538353.8500411
2020-03-26,2280032.6456396
2020-03-27,2319259.4719620002
2020-03-28,2272155.2746021
2020-03-29,2261151.6883648
2020-03-30,2360631.0204343
2020-03-31,2224487.5260567
2020-04-01,2059161.8865318997
2020-04-02,2194435.8150798
2020-04-03,2262895.9761521
2020-04-04,2321248.2205961
2020-04-05,2241715.8536986997
2020-04-06,2250632.0252311
2020-04-07,2346690.4368998
2020-04-08,1957968.2124973
2020-04-09,652881.7491245
2020-04-10,1245193.5207017
2020-04-11,1203132.2287994998
2020-04-12,1177715.3258359
2020-04-13,1321014.9716239
2020-04-14,1205662.6012662
2020-04-15,1268030.2761969
2020-04-16,1157185.351974
2020-04-17,1141853.5950293
2020-04-18,1194406.9482335001
2020-04-19,1142087.0366399002
2020-04-20,1014475.2522984999
2020-04-21,1141393.2761133001
2020-04-22,1025469.4277768001
2020-04-23,1150782.0897216003
2020-04-24,1220061.0441587002
2020-04-25,1245665.3929373
2020-04-26,1255435.011286
2020-04-27,1207992.8709982
2020-04-28,1162645.1260299
2020-04-29,1135254.95802
2020-04-30,1139161.6842493
2020-05-01,895313.7076640001
2020-05-02,903365.8711721001
2020-05-03,891151.2055096
2020-05-04,777809.6590782
2020-05-05,778661.0548456
2020-05-06,795328.5248906001
2020-05-07,806063.0183811
2020-05-08,855678.4207044
2020-05-09,871843.0666773
2020-05-10,876420.1606334
2020-05-11,1191014.7548629
2020-05-12,1519138.2778364
2020-05-13,1366632.6966939
2020-05-14,1344322.839625
2020-05-15,1404640.4576196999
2020-05-16,1469270.4354002
2020-05-17,1487103.8949943
2020-05-18,1360454.0781917
2020-05-19,1229960.2581906
2020-05-20,1201490.4956972
2020-05-21,1170538.2442368001
2020-05-22,1255577.7220243001
2020-05-23,1369615.1520556
2020-05-24,1435806.7217428
2020-05-25,1345380.3344547001
2020-05-26,1392826.9642501
2020-05-27,1424838.3803007
2020-05-28,1422565.5169277003
2020-05-29,1312745.3433353
2020-05-30,1466394.3021272998
2020-05-31,1459584.073344
2020-06-01,1220519.1704971998
2020-06-02,1236408.5703052
2020-06-03,1247092.6881527998
2020-06-04,1135179.1885616002
2020-06-05,1183918.2466231
2020-06-06,1187004.8511060001
2020-06-07,1179001.9777215
2020-06-08,1008785.4115218
2020-06-09,1166017.1619596
2020-06-10,1143294.8188224
2020-06-11,1204072.9955556998
2020-06-12,1156747.3522996
2020-06-13,1179925.9436080998
2020-06-14,1222995.4878241
2020-06-15,1110130.7755376
2020-06-16,1219711.5921584
2020-06-17,1284209.3817741002
2020-06-18,1352465.9287885001
2020-06-19,1309337.6340005998
2020-06-20,1284062.2044678
2020-06-21,1285815.2944547
2020-06-22,1150519.003267
2020-06-23,1119809.5653545
2020-06-24,1292204.4969297
2020-06-25,1255884.8113472
2020-06-26,1389366.2015791
2020-06-27,1357463.6353841003
2020-06-28,1308336.2789621
2020-06-29,1297324.3283877
2020-06-30,1264710.2676478
2020-07-01,1143235.6597206001
2020-07-02,1120204.1050149
2020-07-03,1104928.6851831998
2020-07-04,1144106.7938487001
2020-07-05,1122252.0158219999
2020-07-06,1211487.0069638
2020-07-07,1312173.5426672
2020-07-08,1165086.3520772
2020-07-09,1074476.8633315
2020-07-10,1033409.2400408001
2020-07-11,1175185.4259151001
2020-07-12,1201338.9394715
2020-07-13,1251706.4850667
2020-07-14,1291774.9970301
2020-07-15,1227012.600852
2020-07-16,1226719.1158916
2020-07-17,1233798.1943744
2020-07-18,1232740.4838380998
2020-07-19,1250438.6495989002
2020-07-20,1244790.9982798
2020-07-21,1174409.5928751
2020-07-22,1173062.034929
2020-07-23,1056074.9813113997
2020-07-24,1171664.3588669
2020-07-25,1237529.990863
2020-07-26,1250237.5055127
2020-07-27,1156817.2937075
2020-07-28,1197463.4532934
2020-07-29,1099572.0936592
2020-07-30,918879.0092769001
2020-07-31,1233211.3238551999
2020-08-01,1172032.0241364
2020-08-02,1214019.8535264
2020-08-03,1223846.8517055998
2020-08-04,1222797.2409067003
2020-08-05,1124897.1105183
2020-08-06,1143876.403498
2020-08-07,1131772.8760755998
2020-08-08,1209893.0302521999
2020-08-09,1232043.8076773998
2020-08-10,1195897.6926844
2020-08-11,1076614.9573045
2020-08-12,1127890.6451351
2020-08-13,1140067.0706622002
2020-08-14,1193734.6711451
2020-08-15,1258345.4258116002
2020-08-16,1212743.871239
2020-08-17,1263370.7522124
2020-08-18,1164438.4397192
2020-08-19,1131221.4305784998
2020-08-20,1088035.4474691998
2020-08-21,1130385.9373224
2020-08-22,1193286.2206241998
2020-08-23,1144559.2175764
2020-08-24,1193431.7286794998
2020-08-25,1059842.0834076
2020-08-26,1131786.5302986
2020-08-27,1122588.4765972001
2020-08-28,1175591.4269833
2020-08-29,1219865.2164133
2020-08-30,1183753.5983369001
2020-08-31,1118072.4149729
2020-09-01,1022722.9527189
2020-09-02,1002932.6264618
2020-09-03,875835.2378978
2020-09-04,904360.1307518
2020-09-05,935789.8450495001
2020-09-06,1002366.561189
2020-09-07,927755.5325464
2020-09-08,967824.9336640999
2020-09-09,832770.5861518999
2020-09-10,948434.5711189
2020-09-11,920415.0146272
2020-09-12,980475.5332164
2020-09-13,965793.5884305
2020-09-14,919194.785409
2020-09-15,1017365.8396925001
2020-09-16,900468.270294
2020-09-17,918378.351316
2020-09-18,978073.6302275001
2020-09-19,1023655.5204759
2020-09-20,1064515.6451647
2020-09-21,1011872.6335876
2020-09-22,996240.5186436002
2020-09-23,979966.0753838
2020-09-24,923028.9319944
2020-09-25,970867.2420407999
2020-09-26,1045093.6129785998
2020-09-27,1185812.4284595998
2020-09-28,1042263.7716328002
2020-09-29,1075541.9459289
2020-09-30,1042461.4572011001
2020-10-01,1052609.5735915
2020-10-02,987100.0347635002
2020-10-03,1045629.5612326
2020-10-04,999615.6975661
2020-10-05,1059893.3427438
2020-10-06,1035207.9758581001
2020-10-07,1041647.7651941
2020-10-08,1059592.0944754
2020-10-09,1057939.9442152001
2020-10-10,1075071.1199953
2020-10-11,1072493.2891719
2020-10-12,1022387.169321
2020-10-13,1083887.3528181
2020-10-14,1118046.5067553
2020-10-15,1098677.9347074
2020-10-16,1106511.0482346
2020-10-17,1310786.4206182
2020-10-18,1758683.247939
2020-10-19,1128136.2575752998
2020-10-20,1041442.3524200999
2020-10-21,1035528.6914659
2020-10-22,1018311.3650999999
2020-10-23,985393.5468886
2020-10-24,1056738.5849521
2020-10-25,1099912.082098
2020-10-26,928280.2022722001
2020-10-27,857921.8958228
2020-10-28,835799.9867820999
2020-10-29,658624.5573797
2020-10-30,811213.2505589
2020-10-31,775435.6276484
2020-11-01,1244086.6331590998
2020-11-02,1259016.8985746002
2020-11-03,891105.4495955001
2020-11-04,958362.8970397001
2020-11-05,988695.6315835001
2020-11-06,848232.5167436
2020-11-07,966874.9258325
2020-11-08,991313.3202948999
2020-11-09,974071.7269451
2020-11-10,956224.8611744
2020-11-11,918837.1154000999
2020-11-12,928768.2528808
2020-11-13,846308.3082441
2020-11-14,788792.0267457999
2020-11-15,820336.2161259
2020-11-16,848519.3035361
2020-11-17,805206.2755389
2020-11-18,707906.7816568
2020-11-19,905003.990901
2020-11-20,920967.9441984
2020-11-21,1344824.10453
2020-11-22,977287.5178187
2020-11-23,1317495.2592004999
2020-11-24,1068591.5943344
2020-11-25,994727.6732404
2020-11-26,642783.0659743
2020-11-27,945384.3803905
2020-11-28,1060401.7766487
2020-11-29,1291777.8677031999
2020-11-30,1000873.7429493
2020-12-01,786164.0800323001
2020-12-02,1066584.0658417
2020-12-03,1028282.9313926
2020-12-04,1165075.269959
2020-12-05,1238497.8995198
2020-12-06,1152882.9082874
2020-12-07,1075638.9452958002
2020-12-08,1004396.5403974
2020-12-09,1055387.1709218998
2020-12-10,1086329.1112307
2020-12-11,1023212.3802622001
2020-12-12,1146214.4776892
2020-12-13,1204721.5528054999
2020-12-14,893870.4600724
2020-12-15,1156209.3702991002
2020-12-16,997508.9619241001
2020-12-17,823149.431005
2020-12-18,839734.6322201
2020-12-19,1024433.8310133001
2020-12-20,1411883.9594410001
2020-12-21,1004802.6158363001
2020-12-22,992047.051407
2020-12-23,853297.7189591
2020-12-24,676800.5604352
2020-12-25,1063448.6673744
2020-12-26,918729.1206216001
2020-12-27,893875.7703462001
2020-12-28,1066493.7384061
2020-12-29,802005.8719291
2020-12-30,923543.532154
2020-12-31,793775.6135491
2021-01-01,926087.3521946
2021-01-02,808060.800792
2021-01-03,1129600.2356183
2021-01-04,1117930.4944967998
2021-01-05,769997.6781858
2021-01-06,845466.3453616999
2021-01-07,794461.6516645
2021-01-08,572276.9194242001
2021-01-09,1867629.2393609001
2021-01-10,1707465.8190114999
2021-01-11,802007.0442088001
2021-01-12,697918.4776734001
2021-01-13,1170258.1846019
2021-01-14,1038334.7152992
2021-01-15,1003974.8318621
2021-01-16,1295336.3667868997
2021-01-17,1144002.6479047001
2021-01-18,1134330.4293650999
2021-01-19,1185573.4228321
2021-01-20,1102715.3946849
2021-01-21,947880.9231378001
2021-01-22,1061374.0597414
2021-01-23,1307646.5902863
2021-01-24,1179704.4365162002
2021-01-25,934863.1999796
2021-01-26,1169803.721085
2021-01-27,855410.0919177999
2021-01-28,958750.2286229
2021-01-29,717409.0686849001
2021-01-30,1034283.8484525001
2021-01-31,1082790.3486406999
2021-02-01,862054.2039312
2021-02-02,954708.2730047
2021-02-03,926386.6843467
2021-02-04,800062.5485005
2021-02-05,1054275.17921
2021-02-06,1101161.6886596
2021-02-07,1009240.5735470001
2021-02-08,645453.5319144999
2021-02-09,731024.5934354
2021-02-10,890763.4002024999
2021-02-11,816889.6519917999
2021-02-12,1100130.7598853
2021-02-13,1653964.6503285998
2021-02-14,1478404.6203952
2021-02-15,1227037.8344206
2021-02-16,913006.3780028999
2021-02-17,946602.1068912001
2021-02-18,1017141.9313795001
2021-02-19,979644.5052923
2021-02-20,935765.568798
2021-02-21,1027216.2014660998
2021-02-22,807350.7561314
2021-02-23,469531.72695640003
2021-02-24,950617.5784363
2021-02-25,903692.2635318
2021-02-26,914567.8316725999
2021-02-27,974086.3340957
2021-02-28,815127.0334263999
2021-03-01,743487.0905121
2021-03-02,1000359.1455543
2021-03-03,787554.2198653
2021-03-04,898180.5228069001
2021-03-05,893665.8791366
2021-03-06,901895.0078457999
2021-03-07,887668.0818866
2021-03-08,1181015.534858
2021-03-09,715127.9935169999
2021-03-10,645961.9351348
2021-03-11,685295.6212881
2021-03-12,843440.6436318
2021-03-13,922470.8957485
2021-03-14,1010324.1453243
2021-03-15,523237.28838780004
2021-03-16,806814.0308797
2021-03-17,734294.9085332
2021-03-18,741560.9020529
2021-03-19,851040.1788854
2021-03-20,904406.0032767
2021-03-21,842123.5057233
2021-03-22,791333.5234908
2021-03-23,899544.057662
2021-03-24,748191.0762239
2021-03-25,811718.2520046
2021-03-26,799772.4170047999
2021-03-27,821624.8636498
2021-03-28,818073.9793764
2021-03-29,696594.1128180999
2021-03-30,758776.2145658999
2021-03-31,878846.8406493
2021-04-01,786890.9119615
2021-04-02,1038242.0020105001
2021-04-03,881550.1824082
2021-04-04,882229.2770405001
2021-04-05,1095148.5092055
2021-04-06,1062361.8133742
2021-04-07,1073760.4131507
2021-04-08,825702.3755780999
2021-04-09,922408.4001171001
2021-04-10,1198539.5792967998
2021-04-11,1059348.4078027
2021-04-12,894252.4915568
2021-04-13,950625.0728751001
2021-04-14,1411858.5422019
2021-04-15,1279230.7642998002
2021-04-16,1841534.0970703
2021-04-17,1217736.9653776
2021-04-18,1253534.3116998002
2021-04-19,1056104.898935
2021-04-20,1202596.4878592002
2021-04-21,1168276.6125557001
2021-04-22,1469376.468915
2021-04-23,1025405.9710748001
2021-04-24,1596357.8262413
2021-04-25,1464378.6743597
2021-04-26,965284.20406
2021-04-27,1413951.7040205998
2021-04-28,1440852.3917465003
2021-04-29,1447949.0986246
2021-04-30,1611444.4381305
2021-05-01,1495234.3010841
2021-05-02,1146969.9502537998
2021-05-03,1389069.2504827
2021-05-04,1465282.4321741997
2021-05-05,2963670.5030508
2021-05-06,2332029.9467199002
2021-05-07,1284581.5436778
2021-05-08,1897094.5759021998
2021-05-09,2099270.0309244995
2021-05-10,1910123.602456
2021-05-11,2438650.1102624
2021-05-12,2009999.7836434
2021-05-13,3104318.0230824
2021-05-14,2600696.8075359
2021-05-15,2247205.4853453003
2021-05-16,2270808.4493182
2021-05-17,2111718.2210831
2021-05-18,2364634.5675855
2021-05-19,902060.5717268001
2021-05-20,1194690.8485983
2021-05-21,1323263.6670661
2021-05-22,1579735.7329436
2021-05-23,1212667.6044659
2021-05-24,2303568.4698107
2021-05-25,1621713.421952
2021-05-26,2090646.3313163999
2021-05-27,1675755.6193468
2021-05-28,1849008.4448515
2021-05-29,1802828.9264151002
2021-05-30,837493.2366958001
2021-05-31,1655258.7773213
2021-06-01,1211528.0013853998
2021-06-02,1312978.2720543
2021-06-03,1266939.6870682002
2021-06-04,1298433.8015927002
2021-06-05,1321400.0234806
2021-06-06,1368909.7969880002
2021-06-07,1096030.8009847999
2021-06-08,1277140.9451492
2021-06-09,1021506.3700178999
2021-06-10,1064390.352548
2021-06-11,916004.3123281
2021-06-12,1424013.6555815
2021-06-13,969450.492553
2021-06-14,893091.7896954
2021-06-15,998135.5813241999
2021-06-16,1055053.9244834
2021-06-17,1164210.4110042
2021-06-18,978892.3685826
2021-06-19,1100735.8509600998
2021-06-20,1014930.9813640001
2021-06-21,778999.8655362
2021-06-22,612279.927115
2021-06-23,937154.0512530999
2021-06-24,961251.444767
2021-06-25,1059094.2892069
2021-06-26,872347.18835
2021-06-27,826501.6189884001
2021-06-28,966885.1690466
2021-06-29,912281.1443659
2021-06-30,1026228.7777155
2021-07-01,961195.5041412
2021-07-02,1011403.0747669
2021-07-03,549524.8424913001
2021-07-04,605766.2162731
2021-07-05,817008.8081709
2021-07-06,820460.28116
2021-07-07,801492.0014854
2021-07-08,878933.219427
2021-07-09,848301.9298603
2021-07-10,766110.7740619001
2021-07-11,820906.4988252
2021-07-12,772111.5413707
2021-07-13,736846.4304444001
2021-07-14,842261.2469035999
2021-07-15,782828.1867036001
2021-07-16,757439.7430449
2021-07-17,799093.6346797
2021-07-18,626430.4063433
2021-07-19,687570.606899
2021-07-20,682480.5612097
2021-07-21,759339.7856769
2021-07-22,776996.2554034999
2021-07-23,718942.4467235
2021-07-24,686556.1736348
2021-07-25,675387.1973603
2021-07-26,680141.7275049
2021-07-27,705472.1002502
2021-07-28,699480.9458998
2021-07-29,785554.728983
2021-07-30,660969.8334737
2021-07-31,895068.6867123
2021-08-01,819236.5969057999
2021-08-02,984167.2761173
2021-08-03,871162.0147441999
2021-08-04,763777.8979579
2021-08-05,788815.3989243
2021-08-06,746535.7876758
2021-08-07,863168.2384155999
2021-08-08,706077.2137003001
2021-08-09,832341.4974281001
2021-08-10,806251.9752359
2021-08-11,905460.1522911
2021-08-12,836903.4963476
2021-08-13,1052877.9606012
2021-08-14,1050484.9231615
2021-08-15,1135929.6277772998
2021-08-16,890549.1894045
2021-08-17,893436.7654799001
2021-08-18,890489.8000608
2021-08-19,904213.2358351001
2021-08-20,917890.1779823999
2021-08-21,880791.5528016
2021-08-22,831922.8620722
2021-08-23,961205.8873165001
2021-08-24,810901.8038098001
2021-08-25,1160413.4928408
2021-08-26,960782.6655223
2021-08-27,919906.6368550999
2021-08-28,1033506.6888850002
2021-08-29,1112283.0279994
2021-08-30,935024.3730432
2021-08-31,1011219.0826861
2021-09-01,1037599.1749861
2021-09-02,1082724.5821109
2021-09-03,1187494.785004
2021-09-04,1211319.3901524998
2021-09-05,1211913.8838437
2021-09-06,1309909.3351527
2021-09-07,968526.0395556
2021-09-08,1336035.8485743
2021-09-09,1203989.6723771
2021-09-10,1098590.3081212
2021-09-11,1215265.7453522
2021-09-12,1223748.9884887
2021-09-13,992433.2355407
2021-09-14,1098865.6341755
2021-09-15,1066197.9091047002
2021-09-16,1103318.2069167
2021-09-17,1164312.1340011999
2021-09-18,939370.2483368
2021-09-19,1091085.69743
2021-09-20,1021499.1148319
2021-09-21,1055043.8554904999
2021-09-22,1179585.0810578
2021-09-23,984330.7885022999
2021-09-24,926112.6706021
2021-09-25,1134099.0041718
2021-09-26,870536.2037637
2021-09-27,967102.5926942999
2021-09-28,1013320.0298716
2021-09-29,1029619.8089203999
2021-09-30,926440.5233658
2021-10-01,897140.6498202
2021-10-02,1093501.1568218002
2021-10-03,1074327.5254519999
2021-10-04,815422.1255363999
2021-10-05,1229734.7126282
2021-10-06,907485.5484812
2021-10-07,1015702.5356429002
2021-10-08,902426.6012677
2021-10-09,1063631.0350344002
2021-10-10,891743.477643
2021-10-11,825729.3589267
2021-10-12,919502.3622848999
2021-10-13,894555.7671954
2021-10-14,917926.6314781
2021-10-15,905591.3725251
2021-10-16,1024617.2098322
2021-10-17,852280.7281252
2021-10-18,843963.2880289
2021-10-19,960810.4662449999
2021-10-20,739062.0170362999
2021-10-21,1010832.5570169999
2021-10-22,927256.4246042
2021-10-23,973906.3484092
2021-10-24,878031.04197
2021-10-25,837424.8910158
2021-10-26,777368.8985722
2021-10-27,932878.9469103
2021-10-28,791610.0729439
2021-10-29,871965.6794641
2021-10-30,816487.1416528
2021-10-31,1000986.1017928
2021-11-01,993493.2394145998
2021-11-02,812287.0298801
2021-11-03,952125.3072670001
2021-11-04,958658.5749311
2021-11-05,885284.4220288
2021-11-06,916801.0761486001
2021-11-07,854697.6975515
2021-11-08,854477.9673325
2021-11-09,1159389.5079557002
2021-11-10,944831.3940497001
2021-11-11,1048888.4220664
2021-11-12,959688.7866858001
2021-11-13,886718.8057186
2021-11-14,1226585.5245204
2021-11-15,913647.5721636999
2021-11-16,961344.004562
2021-11-17,941624.1957507
2021-11-18,864377.7123213001
2021-11-19,1140941.3543507
2021-11-20,739536.5887618
2021-11-21,1049994.6328148998
2021-11-22,976107.2434346001
2021-11-23,961220.0384808
2021-11-24,1112376.608906
2021-11-25,1073971.1038934
2021-11-26,990857.4209071
2021-11-27,1008109.5501945001
2021-11-28,824373.5895232
2021-11-29,917365.0827817
2021-11-30,1041273.3788420999
2021-12-01,853311.532162
2021-12-02,952996.0499298
2021-12-03,905068.7991447999
2021-12-04,827175.3156211
2021-12-05,758803.6555623
2021-12-06,884923.2546787999
2021-12-07,843732.4561317
2021-12-08,911505.4189724
2021-12-09,878853.2858264
2021-12-10,856538.2657323
2021-12-11,1014475.9446186
2021-12-12,954548.1194212
2021-12-13,816229.1792402
2021-12-14,922811.6296576
2021-12-15,918850.9541169
2021-12-16,986884.6020259
2021-12-17,815237.0808265
2021-12-18,1019626.3461387
2021-12-19,871737.9048484999
2021-12-20,893425.4031462
2021-12-21,885464.9112744001
2021-12-22,927746.4953056001
2021-12-23,962807.6229871
2021-12-24,860841.9312344999
2021-12-25,895711.4840112
2021-12-26,1025163.4725571
2021-12-27,846204.4264459
2021-12-28,1009084.0776396999
2021-12-29,1055140.3013887
2021-12-30,924309.7257144001
2021-12-31,928007.6937978
2022-01-01,921773.2753763
2022-01-02,976413.8682236
2022-01-03,910634.9758502999
2022-01-04,865554.4368787999
2022-01-05,882906.4401710001
2022-01-06,912134.5238126
2022-01-07,923815.7283101
2022-01-08,911547.3912394
2022-01-09,888758.5957282
2022-01-10,796148.1675634
2022-01-11,852287.8711968999
2022-01-12,913235.1620587
2022-01-13,952951.1017637
2022-01-14,980456.4662633
2022-01-15,803720.4201405
2022-01-16,921825.2441827
2022-01-17,879731.5429443
2022-01-18,1013510.688404
2022-01-19,833656.6878925001
2022-01-20,846739.7204956
2022-01-21,1089826.3273679002
2022-01-22,805086.3895097999
2022-01-23,898981.5993576999
2022-01-24,747756.4075139001
2022-01-25,839715.8880486999
2022-01-26,873990.8142919
2022-01-27,876573.8303004
2022-01-28,858015.5261252001
2022-01-29,862440.4519076999
2022-01-30,895859.2310875
2022-01-31,666325.7659298
2022-02-01,821743.2905398
2022-02-02,950468.5159275
2022-02-03,776638.7697600999
2022-02-04,779476.7175208
2022-02-05,948129.2656866
2022-02-06,809667.2836861
2022-02-07,905134.66261
2022-02-08,812081.9371311001
2022-02-09,950034.9130953
2022-02-10,835135.672974
2022-02-11,828470.1836101
2022-02-12,895421.0873024
2022-02-13,944857.215741
2022-02-14,780834.7316589
2022-02-15,855371.5435583999
2022-02-16,816551.0639033
2022-02-17,1045186.2638514999
2022-02-18,903378.2643296999
2022-02-19,910654.0570211001
2022-02-20,970923.4617526
2022-02-21,847201.0770033001
2022-02-22,897268.4691159
2022-02-23,906778.8691299
2022-02-24,944481.4767517
2022-02-25,896148.8734428
2022-02-26,987443.6099055
2022-02-27,960773.2475261999
2022-02-28,882191.2627398
2022-03-01,711440.5869958
2022-03-02,828433.5345808
2022-03-03,883696.5323829
2022-03-04,817152.4252211
2022-03-05,881577.2797403
2022-03-06,855415.7765608
2022-03-07,796968.6499507001
2022-03-08,813068.5676633
2022-03-09,880576.4728143
2022-03-10,835877.2209128
2022-03-11,871376.1172996
2022-03-12,882695.4628906
2022-03-13,850877.1103127
2022-03-14,803507.904818
2022-03-15,872366.5055609
2022-03-16,808985.033466
2022-03-17,820931.3720962
2022-03-18,867041.1395183001
2022-03-19,982425.8833696999
2022-03-20,988101.5235347
2022-03-21,996674.7739239
2022-03-22,1171222.859709
2022-03-23,898996.7652388
2022-03-24,879323.8309853
2022-03-25,925564.1507724
2022-03-26,925905.8432834999
2022-03-27,856939.3930374
2022-03-28,880777.6612897
2022-03-29,912375.8936603
2022-03-30,975240.8202842
2022-03-31,1141662.163413
2022-04-01,860079.3942638
2022-04-02,1029010.8751231999
2022-04-03,936279.4098202
2022-04-04,973907.8607427
2022-04-05,933524.5469631
2022-04-06,822990.0251916
2022-04-07,947187.7892401
2022-04-08,892501.2481978
2022-04-09,884467.0940405
2022-04-10,951967.9617501
2022-04-11,820978.150115
2022-04-12,933376.9200604
2022-04-13,1170250.0889614
2022-04-14,996081.2960527999
2022-04-15,972022.8597021
2022-04-16,1017377.1308378001
2022-04-17,954454.8789988001
2022-04-18,922247.8182793
2022-04-19,940805.8643455
2022-04-20,868404.1318844999
2022-04-21,912570.549541
2022-04-22,957190.9842399999
2022-04-23,897240.3621585
2022-04-24,939599.7671205
2022-04-25,939570.6338302
2022-04-26,862127.9256401
2022-04-27,1117379.6964971
2022-04-28,892454.4835136001
2022-04-29,961399.8503483
2022-04-30,833932.8621417
2022-05-01,914650.5968289
2022-05-02,886848.9646639
2022-05-03,941936.9024114001
2022-05-04,912106.7908430999
2022-05-05,941875.6054748
2022-05-06,920748.8798932
2022-05-07,908482.1004767
2022-05-08,987848.2339512999
2022-05-09,819964.3771111
2022-05-10,893420.1277089
2022-05-11,834815.6915561
2022-05-12,848383.9956616999
2022-05-13,814642.7120986999
2022-05-14,1015957.7256024
2022-05-15,774616.5832016
2022-05-16,810404.1727232
2022-05-17,903546.3004215001
2022-05-18,767580.0940949
2022-05-19,788872.2901247
2022-05-20,888229.5179473
2022-05-21,847184.6014862999
2022-05-22,798400.798451
2022-05-23,897456.2935036999
2022-05-24,780145.0960247
2022-05-25,720774.1476297
2022-05-26,701583.7998525
2022-05-27,706972.7278496
2022-05-28,786868.2367242
2022-05-29,807174.2004225999
2022-05-30,731967.5289726
2022-05-31,816262.0482683
2022-06-01,728845.6913688
2022-06-02,736307.1175165
2022-06-03,736179.7304934
2022-06-04,855639.0585874
2022-06-05,675485.8722756001
2022-06-06,674774.2287314
2022-06-07,709205.8158497
2022-06-08,769396.9038676999
2022-06-09,700428.6693784001
2022-06-10,695198.5958324
2022-06-11,655120.619797
2022-06-12,693190.5268511
2022-06-13,665337.1979535
2022-06-14,700126.400575
2022-06-15,734777.5003885999
2022-06-16,550377.3653273999
2022-06-17,835278.0093571
2022-06-18,880352.1114319
2022-06-19,692471.4078441
2022-06-20,678475.8770247
2022-06-21,642141.5336161
2022-06-22,662805.5959797
2022-06-23,651033.9770704
2022-06-24,615557.4835282
2022-06-25,645555.3194716
2022-06-26,659627.6238844
2022-06-27,645236.2521730999
2022-06-28,582617.2408499
2022-06-29,650578.6763055
2022-06-30,648945.3671073001
2022-07-01,596740.984083
2022-07-02,724328.2617183999
2022-07-03,644960.9851365
2022-07-04,579084.1152668
2022-07-05,558161.5891701
2022-07-06,588930.6496641
2022-07-07,575210.2147972999
2022-07-08,545010.3562557
2022-07-09,646371.1685811001
2022-07-10,591941.1061193999
2022-07-11,499364.777014
2022-07-12,639439.3173781
2022-07-13,556252.5645471
2022-07-14,576624.6559034
2022-07-15,598461.9850526
2022-07-16,638379.7835323
2022-07-17,633710.282059
2022-07-18,620681.0162194
2022-07-19,663409.2500207999
2022-07-20,534333.6534426999
2022-07-21,576118.8428427
2022-07-22,627768.9570251
2022-07-23,630185.4657612001
2022-07-24,733754.3052902
2022-07-25,552314.4621739
2022-07-26,597026.6671047
2022-07-27,590630.0962722
2022-07-28,969384.2127999
2022-07-29,692828.5957371
2022-07-30,577168.7041386
2022-07-31,684489.6564808999
2022-08-01,585437.6309488999
2022-08-02,587418.7929557001
2022-08-03,680254.6519695
2022-08-04,683126.2334486999
2022-08-05,688143.5284951999
2022-08-06,761332.6346385999
2022-08-07,674571.6336671001
2022-08-08,607261.0524191
2022-08-09,601745.4139865
2022-08-10,697112.3519079
2022-08-11,667710.6548881
2022-08-12,636657.3881267001
2022-08-13,664786.3482314
2022-08-14,601772.397059
2022-08-15,608971.7366893999
2022-08-16,643148.0030793
2022-08-17,662069.5654515999
2022-08-18,649653.8727002001
2022-08-19,560542.3888755001
2022-08-20,586528.7041415
2022-08-21,671654.8671055
2022-08-22,669389.3682293
2022-08-23,853262.3377175999
2022-08-24,651107.4472716
2022-08-25,669324.0105556999
2022-08-26,560378.5499717
2022-08-27,663641.7960108
2022-08-28,683060.9540045
2022-08-29,664102.2379976
2022-08-30,633030.8308294999
2022-08-31,830739.3407685
2022-09-01,724873.0331759
2022-09-02,689451.4588054001
2022-09-03,769451.4795552
2022-09-04,731204.8938735
2022-09-05,871373.2013315
2022-09-06,683613.0781439
2022-09-07,760669.8603837999
2022-09-08,947589.4275735001
2022-09-09,617433.5161245
2022-09-10,715207.0035132
2022-09-11,734602.3255412999
2022-09-12,624386.7260712
2022-09-13,766277.3876796
2022-09-14,797426.7778178001
2022-09-15,763341.1934125
2022-09-16,774066.2314467999
2022-09-17,818165.6629047
2022-09-18,653290.7844494
2022-09-19,700803.3165034001
2022-09-20,837347.5946586
2022-09-21,713983.0701792
2022-09-22,748593.8394261
2022-09-23,873904.5913722
2022-09-24,830809.9619728
2022-09-25,693330.0095823
2022-09-26,764537.1477377
2022-09-27,723323.2834708999
2022-09-28,663108.0427378
2022-09-29,754858.9696817
2022-09-30,865655.2657432001
2022-10-01,690593.3655359
2022-10-02,715372.2118222
2022-10-03,695306.3752454
2022-10-04,745162.2669872
2022-10-05,776878.6416104
2022-10-06,691351.0128223
2022-10-07,722790.8602833999
2022-10-08,762077.1992244
2022-10-09,730052.4993570999
2022-10-10,1023130.9727099999
2022-10-11,771736.9891845
2022-10-12,801634.2015855
2022-10-13,694335.4242062999
2022-10-14,761564.554028
2022-10-15,820050.3470108
2022-10-16,825443.04648
2022-10-17,740639.3199738001
2022-10-18,740854.0074119
2022-10-19,748013.9273830999
2022-10-20,789459.268037
2022-10-21,738799.4304500001
2022-10-22,835047.3352009001
2022-10-23,753410.4637895
2022-10-24,842861.7007383001
2022-10-25,779413.7662484
2022-10-26,794025.474334
2022-10-27,821418.1355195
2022-10-28,790890.0783753
2022-10-29,826773.3766415
2022-10-30,791393.3593459
2022-10-31,800121.7647628
2022-11-01,797987.2887909
2022-11-02,756746.2490612001
2022-11-03,927502.7636842001
2022-11-04,855044.0553416
2022-11-05,835616.4631199
2022-11-06,743229.2592964
2022-11-07,798134.4559097999
2022-11-08,775170.9359653001
2022-11-09,831807.2481522
2022-11-10,838014.926225
2022-11-11,917486.4453509
2022-11-12,869722.5997949999
2022-11-13,813002.9112459
2022-11-14,904737.8513387
2022-11-15,840675.1509311
2022-11-16,934400.6650109001
2022-11-17,836565.5459467999
2022-11-18,886187.5174314999
2022-11-19,904656.5686498999
2022-11-20,945235.6409085001
2022-11-21,937818.6092057
2022-11-22,952834.5144077
2022-11-23,1091074.9182243
2022-11-24,1050584.7496166998
2022-11-25,898828.1890521001
2022-11-26,904823.736372
2022-11-27,1028044.4488774999
2022-11-28,868957.4848462
2022-11-29,935022.8699895999
2022-11-30,881824.9320574
2022-12-01,861596.7304867
2022-12-02,907392.1790074
2022-12-03,893157.7605457
2022-12-04,905981.8950514
2022-12-05,954032.7371353001
2022-12-06,649323.4746621
2022-12-07,840769.7555536999
2022-12-08,849977.7113606
2022-12-09,756587.3819079001
2022-12-10,853068.9962729
2022-12-11,758910.6942243001
2022-12-12,798447.7719882
2022-12-13,767505.8646531
2022-12-14,729443.2964331
2022-12-15,829392.2608265
2022-12-16,699865.3165604
2022-12-17,840376.2759833001
2022-12-18,800603.8877533999
2022-12-19,802272.5647484
2022-12-20,777913.3017671
2022-12-21,801582.0906517999
2022-12-22,704255.6995195
2022-12-23,832728.6870461
2022-12-24,715099.304189
2022-12-25,727703.2579782
2022-12-26,834460.0753065
2022-12-27,791856.8144106
2022-12-28,802474.2068002
2022-12-29,740474.2480586
2022-12-30,805371.9083899
2022-12-31,783150.714621
2023-01-01,796680.5237521
2023-01-02,823262.8844583
2023-01-03,682531.2445044
2023-01-04,768350.9006583999
2023-01-05,801899.0719625999
2023-01-06,761704.100148
2023-01-07,790128.6249937
2023-01-08,790632.3771795
2023-01-09,877713.2056007
2023-01-10,778853.0960465999
2023-01-11,781240.2837123
2023-01-12,872918.8265966
2023-01-13,796288.4828648
2023-01-14,682458.6783610999
2023-01-15,864372.0435695
2023-01-16,890025.7480909
2023-01-17,848501.1623220999
2023-01-18,803662.4847174999
2023-01-19,814831.69265
2023-01-20,756584.429663
2023-01-21,842230.0789143001
2023-01-22,813479.4619338
2023-01-23,872483.8887672
2023-01-24,750470.8630364
2023-01-25,814136.3550072999
2023-01-26,867433.5934624
2023-01-27,809739.7692216999
2023-01-28,837772.9343674
2023-01-29,964430.4649912
2023-01-30,805519.3147227
2023-01-31,874012.1539077001
2023-02-01,865184.3221072999
2023-02-02,876768.0375064999
2023-02-03,835324.5069766002
2023-02-04,960732.9707965
2023-02-05,829699.8627085
2023-02-06,843393.1796551001
2023-02-07,825790.3210227999
2023-02-08,821932.7896484
2023-02-09,895326.3879259
2023-02-10,839870.2193702001
2023-02-11,817140.4347555999
2023-02-12,837208.4527116
2023-02-13,817794.7131741
2023-02-14,778014.6684747
2023-02-15,788227.6310434999
2023-02-16,750029.481925
2023-02-17,821105.9354217999
2023-02-18,873448.2037376
2023-02-19,826482.5366694999
2023-02-20,969124.9889346
2023-02-21,887092.5823597
2023-02-22,834104.5613498
2023-02-23,872031.3827811999
2023-02-24,783821.1704975
2023-02-25,1129352.8855796
2023-02-26,1044918.291665
2023-02-27,844992.2556772
2023-02-28,889885.5112953
2023-03-01,913241.9675076001
2023-03-02,855037.4282301001
2023-03-03,943640.8673665
2023-03-04,867356.0018701
2023-03-05,891873.1590607
2023-03-06,824969.7224177
2023-03-07,930784.6407599001
2023-03-08,754741.1710839001
2023-03-09,877475.8031640999
2023-03-10,933651.9016577001
2023-03-11,842207.4767744
2023-03-12,974834.5350889999
2023-03-13,708497.1450644
2023-03-14,855090.2551401999
2023-03-15,755753.5663149001
2023-03-16,804739.2831216999
2023-03-17,724597.4662623999
2023-03-18,806349.6845388
2023-03-19,777602.3635092
2023-03-20,725653.7104489
2023-03-21,752769.9405885
2023-03-22,723371.7226330999
2023-03-23,712395.4468078
2023-03-24,873877.5554813
2023-03-25,834061.1020629999
2023-03-26,783967.5445761001
2023-03-27,708978.9597393001
2023-03-28,781616.5712024
2023-03-29,723751.3795491
2023-03-30,754022.3042482
2023-03-31,713494.3776319
2023-04-01,816888.1682039
2023-04-02,814670.5077291
2023-04-03,801528.2893779001
2023-04-04,759807.3493774999
2023-04-05,790658.5919628001
2023-04-06,804561.3193511999
2023-04-07,802896.5718457
2023-04-08,812248.1135061
2023-04-09,760527.3305545
2023-04-10,681124.4778222
2023-04-11,774701.6992508
2023-04-12,809698.3778541
2023-04-13,751230.9825325999
2023-04-14,753294.4483552001
2023-04-15,784783.5937337
2023-04-16,835104.899687
2023-04-17,802328.2714388
2023-04-18,746490.4366909
2023-04-19,704033.5391915999
2023-04-20,812255.3852165999
2023-04-21,811757.1362407999
2023-04-22,840108.3509270999
2023-04-23,784709.0012292
2023-04-24,775252.5563265
2023-04-25,722093.0536894
2023-04-26,665339.3447818999
2023-04-27,684096.6481853
2023-04-28,702613.5511185
2023-04-29,757421.9675537
2023-04-30,682129.2177931
2023-05-01,789893.0294837999
2023-05-02,643398.4991666
2023-05-03,710039.3463347001
2023-05-04,624181.5089007999
2023-05-05,632422.3307395
2023-05-06,530746.9683793
2023-05-07,501460.4707016
2023-05-08,356333.47406439995
2023-05-09,782379.3022138001
2023-05-10,809099.5349824001
2023-05-11,764700.4933409
2023-05-12,769498.2586618
2023-05-13,646758.9342515001
2023-05-14,841622.1677805
2023-05-15,711977.6339907
2023-05-16,793805.9270310999
2023-05-17,751306.9195990999
2023-05-18,698509.576042
2023-05-19,789311.3241361
2023-05-20,754380.5688093001
2023-05-21,708220.0751149
2023-05-22,690594.5362730001
2023-05-23,755062.4755792
2023-05-24,709099.1243072
2023-05-25,676014.7620853999
2023-05-26,706300.6092903
2023-05-27,783511.2747075
2023-05-28,742594.7172119999
2023-05-29,686579.3265449001
2023-05-30,697879.6814567
2023-05-31,733520.6578896
2023-06-01,793603.8470884999
2023-06-02,807563.1976881999
2023-06-03,798439.430957
2023-06-04,806140.2344168
2023-06-05,750101.7717543
2023-06-06,817067.6183901
2023-06-07,621973.2844492999
2023-06-08,778178.9947671
2023-06-09,773458.7661122
2023-06-10,690542.0017177999
2023-06-11,700142.6293787
2023-06-12,776833.8098947001
2023-06-13,747526.5628224
2023-06-14,756184.359434
2023-06-15,808729.8653490001
2023-06-16,750802.0978393
2023-06-17,745987.0860214
2023-06-18,770434.7134082
2023-06-19,728535.8136135001
2023-06-20,677353.4521481999
2023-06-21,1083925.0861631
2023-06-22,792106.3742945
2023-06-23,1560344.4054502002
2023-06-24,1528621.0658290999
2023-06-25,1160600.6056391
2023-06-26,1714458.935022
2023-06-27,1401846.9461016
2023-06-28,1201987.2271899001
2023-06-29,1676458.7543863999
2023-06-30,2622891.6566614
2023-07-01,1524133.2329030999
2023-07-02,1818971.4483681
2023-07-03,1285565.3586593
2023-07-04,1527518.2519202998
2023-07-05,1583226.6098353
2023-07-06,1920009.0753853
2023-07-07,1527110.2881092
2023-07-08,1470668.6366629999
2023-07-09,1573320.6524525
2023-07-10,1704312.2052904
2023-07-11,1515172.4518731001
2023-07-12,2140384.8763049
2023-07-13,1553356.157241
2023-07-14,1613107.6027144
2023-07-15,1443616.7477813
2023-07-16,1592131.0066172
2023-07-17,1393863.8307754
2023-07-18,1601776.9190334
2023-07-19,1549581.3284626
2023-07-20,1532238.9423095998
2023-07-21,1567657.0070133999
2023-07-22,1353010.7299515
2023-07-23,1787236.1428934
2023-07-24,1498873.2740104
2023-07-25,1455382.6071133001
2023-07-26,1473140.93974
2023-07-27,1664302.2157816999
2023-07-28,1385906.7649186
2023-07-29,1501405.8188455
2023-07-30,1823050.9897675999
2023-07-31,1490916.3304264
2023-08-01,1406526.1634137
2023-08-02,1274110.0577514998
2023-08-03,1379305.2531073
2023-08-04,1407266.6095848999
2023-08-05,1478163.2370569
2023-08-06,1365675.8824584999
2023-08-07,1774303.483428
2023-08-08,1295201.0457384
2023-08-09,1535379.701073
2023-08-10,1377381.065039
2023-08-11,1424119.5934244
2023-08-12,1498365.8892417
2023-08-13,1446522.8743172
2023-08-14,1458930.3680979002
2023-08-15,1447936.1148005
2023-08-16,1123146.5244531
2023-08-17,1271672.2301381999
2023-08-18,1360112.9211559
2023-08-19,1300890.4329959
2023-08-20,1364670.7661853
2023-08-21,1281437.8477906
2023-08-22,1537327.5160371999
2023-08-23,1515265.4165083002
2023-08-24,1468954.1892452
2023-08-25,1463583.2722713
2023-08-26,1377715.6634945
2023-08-27,1603487.6753198
2023-08-28,1281551.6812635
2023-08-29,1942907.7735431
2023-08-30,1463239.5424016002
2023-08-31,1582429.8444261998
2023-09-01,1416743.1602367999
2023-09-02,1405303.422691
2023-09-03,1482070.8289817998
2023-09-04,1415965.8463673
2023-09-05,1354187.2301362
2023-09-06,1319386.616208
2023-09-07,1392688.0094638
2023-09-08,1386570.8469062
2023-09-09,1482871.1728706001
2023-09-10,1325166.2918018
2023-09-11,1363855.3407959
2023-09-12,1631185.7923794
2023-09-13,1420730.7105012
2023-09-14,1566539.6143607
2023-09-15,1742864.4254809
2023-09-16,1532242.5579833
2023-09-17,1485357.031825
2023-09-18,1516537.9572108001
2023-09-19,1716992.1805915
2023-09-20,1497873.1812906
2023-09-21,1505515.1215903999
2023-09-22,1441771.4766819999
2023-09-23,1609616.7917107
2023-09-24,1579896.2978079
2023-09-25,1724867.4408818
2023-09-26,1706849.2117976
2023-09-27,2040096.5009916
2023-09-28,1869252.2089292
2023-09-29,1695528.5325339998
2023-09-30,1768098.5373346
2023-10-01,1830180.862873
2023-10-02,1890655.5392989998
2023-10-03,1453926.3444999
2023-10-04,1708442.1912464
2023-10-05,1732856.0150324001
2023-10-06,1585089.0493448
2023-10-07,1637270.3991450001
2023-10-08,1675568.2023144998
2023-10-09,1498966.4412826
2023-10-10,1590304.4637577
2023-10-11,1639688.5205367
2023-10-12,1628267.5035251
2023-10-13,1688547.0671891
2023-10-14,1630818.2934296
2023-10-15,1599329.3617161
2023-10-16,2074169.3057286998
2023-10-17,1738703.5284412
2023-10-18,1786650.3886188
2023-10-19,1814787.5187288998
2023-10-20,1724950.8837066
2023-10-21,1748536.9792501002
2023-10-22,1725176.2073486
2023-10-23,1643142.8053519
2023-10-24,1388734.1763084
2023-10-25,1613059.8122062
2023-10-26,1480461.8269798998
2023-10-27,1497202.6488545
2023-10-28,1626120.122515
2023-10-29,1502440.0548345
2023-10-30,1641221.2647106
2023-10-31,1608982.1563911
2023-11-01,1457358.2181489998
2023-11-02,1387545.620569
2023-11-03,1547970.4976721
2023-11-04,1179376.3279382999
2023-11-05,1322565.8128564998
2023-11-06,1328459.9665798
2023-11-07,1335905.8234285999
2023-11-08,1069474.5929067999
2023-11-09,997826.2854592
2023-11-10,1359076.9795061
2023-11-11,1221456.7273839
2023-11-12,1231284.3458788
2023-11-13,1355062.1452344998
2023-11-14,1197985.5316485
2023-11-15,1259989.9704121002
2023-11-16,884701.0771342
2023-11-17,1101602.1595988
2023-11-18,1110489.960295
2023-11-19,1280205.6769703
2023-11-20,1149747.6236102998
2023-11-21,1203520.3741062
2023-11-22,1312785.601547
2023-11-23,919214.0527249
2023-11-24,1358800.693762
2023-11-25,1191795.2842707
2023-11-26,1330475.7388071998
2023-11-27,1189995.3822003999
2023-11-28,1249059.2038582
2023-11-29,1206912.6825165
2023-11-30,1271900.5383202
2023-12-01,1157202.7568609
2023-12-02,1168408.3874821
2023-12-03,1020509.0266744001
2023-12-04,1156027.5573403998
2023-12-05,745499.0118137
2023-12-06,976326.3550299
2023-12-07,1316042.5538667
2023-12-08,1189984.4277837002
2023-12-09,1243053.3103543
2023-12-10,1121308.9060085001
2023-12-11,1048584.5811536
2023-12-12,1041924.2542431
2023-12-13,820255.2573189
2023-12-14,775667.8914571
2023-12-15,986945.5343331
2023-12-16,627955.1841219
2023-12-17,794474.9918169
2023-12-18,1273954.205086
2023-12-19,752100.6621108
2023-12-20,737246.7404596999
2023-12-21,828798.4350156001
2023-12-22,1186241.4330760997
2023-12-23,1240096.84551
2023-12-24,1171012.6942744001
2023-12-25,1097982.6974814
2023-12-26,982648.8514695999
2023-12-27,1051619.7590434
2023-12-28,1482334.957162
2023-12-29,1083619.684486
2023-12-30,1289661.5249561002
2023-12-31,760227.0670714
2024-01-01,1541038.8112771
2024-01-02,1003825.4012336
2024-01-03,1004756.8886394999
2024-01-04,1069272.1320606999
2024-01-05,1123047.9498788
2024-01-06,1219321.346276
2024-01-07,1120606.496589
2024-01-08,865438.560962
2024-01-09,1249620.9767872002
2024-01-10,1185680.0750147
2024-01-11,1513838.1275056999
2024-01-12,1353358.2312336
2024-01-13,1035860.0266424001
2024-01-14,807757.9421144001
2024-01-15,1495258.0839445
2024-01-16,1044672.8320665002
2024-01-17,1152821.6035843
2024-01-18,1255421.4899112
2024-01-19,1167897.0844202999
2024-01-20,1118547.1718465998
2024-01-21,1112571.2822625998
2024-01-22,1351871.6620787
2024-01-23,1084522.1668231
2024-01-24,1360935.6290109
2024-01-25,1217942.020102
2024-01-26,1117030.9864050997
2024-01-27,1230998.6407652
2024-01-28,1071887.2982958
2024-01-29,1096343.2544463999
2024-01-30,1158074.2221151
2024-01-31,1102902.6148567
2024-02-01,1159089.5892458
2024-02-02,1392905.113904
2024-02-03,1035111.5665023999
2024-02-04,1377782.5409321
2024-02-05,1208476.0756051
2024-02-06,1193512.1373232
2024-02-07,1167624.3878684002
2024-02-08,1128841.1180313998
2024-02-09,1132542.9975564
2024-02-10,1069391.820628
2024-02-11,1626023.5219499
2024-02-12,1100455.9162770999
2024-02-13,1147723.4230291
2024-02-14,1030383.5015550001
2024-02-15,1392233.0827837
2024-02-16,1271486.9073924
2024-02-17,1193288.7141192
2024-02-18,1221653.3346351
2024-02-19,1275889.5286998
2024-02-20,1118579.1953810002
2024-02-21,1179370.7687971
2024-02-22,1212170.3426742998
2024-02-23,1340870.0078412
2024-02-24,1217356.9989711
2024-02-25,1252005.5734048001
2024-02-26,1064980.704869
2024-02-27,1321838.7067984003
2024-02-28,1035184.7496900999
2024-02-29,1053461.1011275998
2024-03-01,1195235.2208928
2024-03-02,3121640.6634140005
2024-03-03,1796882.6114286
2024-03-04,974243.5544809
2024-03-05,1154072.4083466998
2024-03-06,1428244.348134
2024-03-07,1564512.9792405998
2024-03-08,1432451.9639496
2024-03-09,1466157.3892386
2024-03-10,1275140.1312992
2024-03-11,1457372.6670514
2024-03-12,1249766.1238237002
2024-03-13,1438746.8652120002
2024-03-14,1766467.8408509002
2024-03-15,1312086.437846
2024-03-16,1397738.5437968
2024-03-17,1461849.8636105
2024-03-18,1370896.9037380998
2024-03-19,1355953.9265083
2024-03-20,1608725.8361658
2024-03-21,1688960.1541134
2024-03-22,1772010.0003477
2024-03-23,2139553.4757807003
2024-03-24,1753174.8705596002
2024-03-25,1628906.6429581998
2024-03-26,1576530.2929652