Date,HashRate
2017-12-16,1.0354027766102E+14
2017-12-17,1.0332966341468E+14
2017-12-18,1.0398290852865E+14
2017-12-19,95437113030014
2017-12-20,96423520110305
2017-12-21,1.0234452238806E+14
2017-12-22,98442511607319
2017-12-23,1.0326064780938E+14
2017-12-24,1.0445959225674E+14
2017-12-25,101837043952081
2017-12-26,1.0770990282005E+14
2017-12-27,1.0641159034653E+14
2017-12-28,1.0760704714544E+14
2017-12-29,1.1011894114281E+14
2017-12-30,1.0738812564885E+14
2017-12-31,1.1049886277188E+14
2018-01-01,1.0533554420864E+14
2018-01-02,1.0421992824607E+14
2018-01-03,1.1030474608258E+14
2018-01-04,1.0570397890315E+14
2018-01-05,1.1405216023908E+14
2018-01-06,1.0748860681801E+14
2018-01-07,1.0170909782009E+14
2018-01-08,1.0068020069632E+14
2018-01-09,98548037046141
2018-01-10,1.036712669698E+14
2018-01-11,1.0135369265233E+14
2018-01-12,99934626562856
2018-01-13,98214898746809
2018-01-14,1.0680507983214E+14
2018-01-15,1.0672215360158E+14
2018-01-16,1.0342494558848E+14
2018-01-17,1.0706283809105E+14
2018-01-18,1.0828656384412E+14
2018-01-19,1.0671695049774E+14
2018-01-20,1.1081290814232E+14
2018-01-21,1.0370910737128E+14
2018-01-22,1.0648426574982E+14
2018-01-23,1.0508817944333E+14
2018-01-24,1.0987295136877E+14
2018-01-25,1.0804248755571E+14
2018-01-26,1.1228099501632E+14
2018-01-27,1.2246154455608E+14
2018-01-28,1.1115514938406E+14
2018-01-29,119641167165656
2018-01-30,1.2519732466077E+14
2018-01-31,1.1884098154207E+14
2018-02-01,1.1771135660034E+14
2018-02-02,1.2388969371216E+14
2018-02-03,1.2224203349039E+14
2018-02-04,1.268439315629E+14
2018-02-05,1.324721029052E+14
2018-02-06,1.3337221720031E+14
2018-02-07,1.3788661894767E+14
2018-02-08,1.3354211059713E+14
2018-02-09,1.3824503583957E+14
2018-02-10,1.3141688001239E+14
2018-02-11,1.2884976255468E+14
2018-02-12,1.3785277135516E+14
2018-02-13,1.3448773163545E+14
2018-02-14,1.4033076282126E+14
2018-02-15,1.363084150469E+14
2018-02-16,1.3963869244639E+14
2018-02-17,1.4024015772787E+14
2018-02-18,146911179583765
2018-02-19,1.418157811826E+14
2018-02-20,1.4131581741628E+14
2018-02-21,1.4241701847733E+14
2018-02-22,1.4516149644711E+14
2018-02-23,1.4701956012176E+14
2018-02-24,1.4318993052584E+14
2018-02-25,1.4285440446255E+14
2018-02-26,1.4095584836586E+14
2018-02-27,1.4807578480597E+14
2018-02-28,1.4482398642797E+14
2018-03-01,1.4345252609241E+14
2018-03-02,1.4764565121306E+14
2018-03-03,1.5198895443113E+14
2018-03-04,1.4320798954206E+14
2018-03-05,1.5677769333048E+14
2018-03-06,1.6219510437035E+14
2018-03-07,1.5986254267082E+14
2018-03-08,1.6275779602062E+14
2018-03-09,1.5353737112749E+14
2018-03-10,1.572971449629E+14
2018-03-11,158806450673752
2018-03-12,1.6487918674886E+14
2018-03-13,1.6703284368586E+14
2018-03-14,1.6256469634836E+14
2018-03-15,1.5991891865607E+14
2018-03-16,1.7011496139609E+14
2018-03-17,1.7056247164811E+14
2018-03-18,1.6100504901617E+14
2018-03-19,1.6723656495602E+14
2018-03-20,1.6417682003614E+14
2018-03-21,1.6438152468565E+14
2018-03-22,1.7086344658227E+14
2018-03-23,1.7543797926494E+14
2018-03-24,1.8645515535824E+14
2018-03-25,1.8302095072381E+14
2018-03-26,1.8839312529719E+14
2018-03-27,1.7612332883137E+14
2018-03-28,1.9637600259028E+14
2018-03-29,1.8901150114139E+14
2018-03-30,1.8766878420046E+14
2018-03-31,2.041140365079E+14
2018-04-01,1.9523521925191E+14
2018-04-02,2.078630932078E+14
2018-04-03,1.897414305644E+14
2018-04-04,2.0386857276936E+14
2018-04-05,2.0464019455206E+14
2018-04-06,2.1185610913232E+14
2018-04-07,2.1082859882591E+14
2018-04-08,2.0055611113824E+14
2018-04-09,2.0758489618225E+14
2018-04-10,2.1376631671402E+14
2018-04-11,1.9590605948548E+14
2018-04-12,2.0216712818536E+14
2018-04-13,2.1306152993509E+14
2018-04-14,2.1781507440351E+14
2018-04-15,2.1436030696812E+14
2018-04-16,2.1364046142037E+14
2018-04-17,2.0418554827361E+14
2018-04-18,2.1568559739502E+14
2018-04-19,2.3244697872644E+14
2018-04-20,2.1831235112630E+14
2018-04-21,2.3674349607103E+14
2018-04-22,2.4079070656628E+14
2018-04-23,2.3943753736543E+14
2018-04-24,2.6122777290737E+14
2018-04-25,2.3737279752867E+14
2018-04-26,2.3200623059811E+14
2018-04-27,2.3797634426501E+14
2018-04-28,2.4899592389954E+14
2018-04-29,2.5673309497594E+14
2018-04-30,2.6489490274907E+14
2018-05-01,2.7364402585044E+14
2018-05-02,2.6286797032458E+14
2018-05-03,2.5048835545303E+14
2018-05-04,2.6487364435594E+14
2018-05-05,2.7731335997495E+14
2018-05-06,2.8847092447068E+14
2018-05-07,2.8944221682935E+14
2018-05-08,2.8778446283152E+14
2018-05-09,2.8046491809752E+14
2018-05-10,3.0075264814924E+14
2018-05-11,2.8571478308861E+14
2018-05-12,2.9840501091641E+14
2018-05-13,3.0680010752753E+14
2018-05-14,2.9981542338931E+14
2018-05-15,2.927334050636E+14
2018-05-16,3.139340239278E+14
2018-05-17,3.1189905280209E+14
2018-05-18,3.1714245759504E+14
2018-05-19,2.9432242609321E+14
2018-05-20,3.0356492654334E+14
2018-05-21,3.229076910834E+14
2018-05-22,3.1154257297103E+14
2018-05-23,3.2469304890011E+14
2018-05-24,3.4288369655172E+14
2018-05-25,3.1805346874777E+14
2018-05-26,3.1031632795348E+14
2018-05-27,3.1234242763409E+14
2018-05-28,3.1205344380089E+14
2018-05-29,3.1121302458853E+14
2018-05-30,2.9510910083853E+14
2018-05-31,2.8473315603922E+14
2018-06-01,2.9507580409817E+14
2018-06-02,2.9340210761481E+14
2018-06-03,2.8964721844063E+14
2018-06-04,2.8781958444471E+14
2018-06-05,3.0881977574967E+14
2018-06-06,3.2098679852973E+14
2018-06-07,3.2964255307165E+14
2018-06-08,3.3096027758362E+14
2018-06-09,3.059770134251E+14
2018-06-10,3.23943213052E+14
2018-06-11,3.0233768549932E+14
2018-06-12,3.1611485407157E+14
2018-06-13,3.2927316008598E+14
2018-06-14,3.0790037066413E+14
2018-06-15,2.9876964641862E+14
2018-06-16,2.9722313710302E+14
2018-06-17,3.1915340023445E+14
2018-06-18,3.0335364121124E+14
2018-06-19,3.0269418553929E+14
2018-06-20,2.9999875392541E+14
2018-06-21,3.0249569083783E+14
2018-06-22,3.0968092813859E+14
2018-06-23,2.9817670836835E+14
2018-06-24,2.9230012293822E+14
2018-06-25,3.0390412035629E+14
2018-06-26,2.9553173276838E+14
2018-06-27,273841798223682
2018-06-28,2.657361822342E+14
2018-06-29,2.8729751890817E+14
2018-06-30,3.0481677515395E+14
2018-07-01,2.8066020165175E+14
2018-07-02,2.657389645469E+14
2018-07-03,2.626199862667E+14
2018-07-04,259151230445432
2018-07-05,2.6685297464801E+14
2018-07-06,2.5831476826816E+14
2018-07-07,2.7632984253005E+14
2018-07-08,2.7302739808486E+14
2018-07-09,2.9324999322943E+14
2018-07-10,2.6728117578818E+14
2018-07-11,2.5891573110547E+14
2018-07-12,2.7580810536776E+14
2018-07-13,2.6772792175705E+14
2018-07-14,2.7168283368726E+14
2018-07-15,2.7842166389144E+14
2018-07-16,2.9277207662973E+14
2018-07-17,3.0328577109336E+14
2018-07-18,2.8519158110457E+14
2018-07-19,2.8322012225308E+14
2018-07-20,2.8472350109736E+14
2018-07-21,2.6419559472943E+14
2018-07-22,2.6318242759433E+14
2018-07-23,2.8118716586972E+14
2018-07-24,3.1326718854549E+14
2018-07-25,2.7883311733719E+14
2018-07-26,3.0302316739373E+14
2018-07-27,3.0406344959614E+14
2018-07-28,2.841884718193E+14
2018-07-29,3.0675729986950E+14
2018-07-30,2.8125345660897E+14
2018-07-31,2.4552694356004E+14
2018-08-01,252499090812310
2018-08-02,2.6938388152831E+14
2018-08-03,2.6011092771253E+14
2018-08-04,2.5886050898364E+14
2018-08-05,2.6471857566408E+14
2018-08-06,2.701577019004E+14
2018-08-07,2.8733608094557E+14
2018-08-08,2.6502510886296E+14
2018-08-09,2.8530070496148E+14
2018-08-10,2.8935437204998E+14
2018-08-11,2.5292222135182E+14
2018-08-12,2.4492544217426E+14
2018-08-13,2.629840067764E+14
2018-08-14,2.376526780316E+14
2018-08-15,2.5615135660282E+14
2018-08-16,2.4406831215511E+14
2018-08-17,2.3168490660033E+14
2018-08-18,2.4913836953684E+14
2018-08-19,2.4910250047521E+14
2018-08-20,2.5885705032887E+14
2018-08-21,2.5884912593093E+14
2018-08-22,2.500964450573E+14
2018-08-23,2.5621557903439E+14
2018-08-24,2.4938649156766E+14
2018-08-25,2.6144774173381E+14
2018-08-26,2.5213694712548E+14
2018-08-27,2.439923739646E+14
2018-08-28,2.445547574451E+14
2018-08-29,2.5071213221826E+14
2018-08-30,2.5825551390256E+14
2018-08-31,2.4896372502405E+14
2018-09-01,2.6065885210249E+14
2018-09-02,2.4358663819354E+14
2018-09-03,2.4719832772229E+14
2018-09-04,2.5898654869489E+14
2018-09-05,2.5700470869016E+14
2018-09-06,2.5914699166004E+14
2018-09-07,2.4110694079815E+14
2018-09-08,2.4729463663212E+14
2018-09-09,2.5150940178538E+14
2018-09-10,2.5150395454046E+14
2018-09-11,2.514117317173E+14
2018-09-12,2.6302756499116E+14
2018-09-13,2.402344308835E+14
2018-09-14,2.6088217984546E+14
2018-09-15,2.5675653313211E+14
2018-09-16,2.5369322039367E+14
2018-09-17,2.4399766203092E+14
2018-09-18,2.5555314407179E+14
2018-09-19,2.4911077405726E+14
2018-09-20,2.3601555305149E+14
2018-09-21,2.607255833321E+14
2018-09-22,2.7036081142237E+14
2018-09-23,2.6919960331601E+14
2018-09-24,2.6357481867592E+14
2018-09-25,2.5708653794218E+14
2018-09-26,2.5271944405783E+14
2018-09-27,2.4632049449959E+14
2018-09-28,2.69259773258E+14
2018-09-29,2.5863689194585E+14
2018-09-30,258500758663422
2018-10-01,2.69598615304E+14
2018-10-02,2.5777791090498E+14
2018-10-03,2.5234664199309E+14
2018-10-04,2.4257660312109E+14
2018-10-05,2.3327795712522E+14
2018-10-06,2.5304259969786E+14
2018-10-07,2.5543019384192E+14
2018-10-08,2.6020765990524E+14
2018-10-09,2.5393864280102E+14
2018-10-10,2.5708117231817E+14
2018-10-11,2.5231669817458E+14
2018-10-12,2.6140371092664E+14
2018-10-13,2.4935998807318E+14
2018-10-14,2.5736046347788E+14
2018-10-15,2.7379973171259E+14
2018-10-16,2.5761332290720E+14
2018-10-17,2.5254664156052E+14
2018-10-18,2.6297072750614E+14
2018-10-19,2.5124419312121E+14
2018-10-20,2.378686185849E+14
2018-10-21,2.4936245547566E+14
2018-10-22,2.5308314489534E+14
2018-10-23,2.5694882983448E+14
2018-10-24,2.4414713464454E+14
2018-10-25,2.3819334363081E+14
2018-10-26,2.1917905714054E+14
2018-10-27,2.266235915327E+14
2018-10-28,2.4355616257847E+14
2018-10-29,2.4329405175922E+14
2018-10-30,2.4493807834068E+14
2018-10-31,2.3163751413339E+14
2018-11-01,2.4087805775545E+14
2018-11-02,2.2710185950629E+14
2018-11-03,2.2324424951137E+14
2018-11-04,2.3500677830944E+14
2018-11-05,2.5181001280187E+14
2018-11-06,2.395870364654E+14
2018-11-07,2.3500969638954E+14
2018-11-08,2.4517234632493E+14
2018-11-09,233213976171658
2018-11-10,2.2696711730115E+14
2018-11-11,2.3079741125317E+14
2018-11-12,2.3579664371126E+14
2018-11-13,2.3619184007151E+14
2018-11-14,2.3378376746095E+14
2018-11-15,2.2694000378751E+14
2018-11-16,2.2277021838741E+14
2018-11-17,2.3302047732308E+14
2018-11-18,2.2352638261922E+14
2018-11-19,2.151116887362E+14
2018-11-20,1.942899219534E+14
2018-11-21,1.9597958276864E+14
2018-11-22,2.0549457233641E+14
2018-11-23,1.9901754469864E+14
2018-11-24,1.8300679015087E+14
2018-11-25,1.8725824055062E+14
2018-11-26,1.755278788816E+14
2018-11-27,1.6348238581668E+14
2018-11-28,1.5912012614561E+14
2018-11-29,1.6290407491196E+14
2018-11-30,1.6786767102381E+14
2018-12-01,1.8105461052468E+14
2018-12-02,1.8044770008975E+14
2018-12-03,1.8108481228072E+14
2018-12-04,1.8387495527293E+14
2018-12-05,1.7900653408074E+14
2018-12-06,1.7424245944225E+14
2018-12-07,1.7311880586941E+14
2018-12-08,1.6543240313382E+14
2018-12-09,1.5950017356507E+14
2018-12-10,1.6076029253182E+14
2018-12-11,1.6079251988594E+14
2018-12-12,1.5298064246676E+14
2018-12-13,1.6370816221813E+14
2018-12-14,1.6931689224163E+14
2018-12-15,1.505977187011E+14
2018-12-16,1.5869395193613E+14
2018-12-17,1.4621182804678E+14
2018-12-18,1.5019035793399E+14
2018-12-19,151916534505429
2018-12-20,1.5740971301811E+14
2018-12-21,1.7496095528606E+14
2018-12-22,1.7265404361341E+14
2018-12-23,1.8545359991937E+14
2018-12-24,1.7774225042966E+14
2018-12-25,1.6868018191448E+14
2018-12-26,1.6280608281655E+14
2018-12-27,1.678765787965E+14
2018-12-28,1.6696492179853E+14
2018-12-29,1.7074290345377E+14
2018-12-30,1.7275184506977E+14
2018-12-31,1.7242421512259E+14
2019-01-01,1.6881373369041E+14
2019-01-02,1.7053539948647E+14
2019-01-03,1.745149751883E+14
2019-01-04,1.7862874247231E+14
2019-01-05,1.7880188708736E+14
2019-01-06,1.796005011408E+14
2019-01-07,1.7498702721201E+14
2019-01-08,1.7266347393808E+14
2019-01-09,1.74219556423E+14
2019-01-10,1.7923301564342E+14
2019-01-11,1.9039334220091E+14
2019-01-12,1.9404419737198E+14
2019-01-13,1.9242009605985E+14
2019-01-14,185399092785622
2019-01-15,1.7360441107433E+14
2019-01-16,172868159220833
2019-01-17,1.8621884533201E+14
2019-01-18,1.8591337193998E+14
2019-01-19,1.863312871924E+14
2019-01-20,1.8557075850341E+14
2019-01-21,1.7616719278285E+14
2019-01-22,1.8698969723915E+14
2019-01-23,1.861944236038E+14
2019-01-24,1.9105188340848E+14
2019-01-25,1.8434992765059E+14
2019-01-26,1.9666893563453E+14
2019-01-27,2.0761477279084E+14
2019-01-28,1.9995870822806E+14
2019-01-29,1.9974914113358E+14
2019-01-30,2.0970042561186E+14
2019-01-31,1.9008918735471E+14
2019-02-01,1.968390705359E+14
2019-02-02,2.0679322884185E+14
2019-02-03,2.0991966894452E+14
2019-02-04,2.0338115262194E+14
2019-02-05,2.0235640900793E+14
2019-02-06,2.0535108992989E+14
2019-02-07,2.1160681001692E+14
2019-02-08,2.0286115305712E+14
2019-02-09,2.0412335259441E+14
2019-02-10,2.1258067060262E+14
2019-02-11,2.1217033103411E+14
2019-02-12,2.097386959851E+14
2019-02-13,2.1786193966337E+14
2019-02-14,2.1479808877389E+14
2019-02-15,2.1079630170631E+14
2019-02-16,2.2581624306962E+14
2019-02-17,2.2097819552561E+14
2019-02-18,2.2607459781388E+14
2019-02-19,2.2304216617323E+14
2019-02-20,2.2452873138742E+14
2019-02-21,2.3246096040474E+14
2019-02-22,2.1999468437039E+14
2019-02-23,2.359141395707E+14
2019-02-24,2.3834881819898E+14
2019-02-25,2.2848268686635E+14
2019-02-26,2.4327383629207E+14
2019-02-27,2.3819610160068E+14
2019-02-28,2.3017384453046E+14
2019-03-01,2.3169959279069E+14
2019-03-02,2.3821307697145E+14
2019-03-03,2.3826045318088E+14
2019-03-04,2.4399098307572E+14
2019-03-05,2.6796962438441E+14
2019-03-06,2.5446808255664E+14
2019-03-07,2.5341187580369E+14
2019-03-08,2.4138478999707E+14
2019-03-09,2.5448797564162E+14
2019-03-10,2.4658651172712E+14
2019-03-11,2.5830306988916E+14
2019-03-12,2.6630538601947E+14
2019-03-13,2.5170640619964E+14
2019-03-14,2.6039542221151E+14
2019-03-15,2.5841709358402E+14
2019-03-16,2.5227561730884E+14
2019-03-17,2.7338632706782E+14
2019-03-18,2.8832166183392E+14
2019-03-19,2.7265570907921E+14
2019-03-20,2.6367982886458E+14
2019-03-21,2.7595287017022E+14
2019-03-22,2.8090911675951E+14
2019-03-23,2.8364933322305E+14
2019-03-24,2.8420995103751E+14
2019-03-25,2.7755390506169E+14
2019-03-26,2.9841578080342E+14
2019-03-27,284466818090944
2019-03-28,2.9856691839932E+14
2019-03-29,3.2135978463537E+14
2019-03-30,3.1589616431059E+14
2019-03-31,3.0088241455803E+14
2019-04-01,3.1110484960323E+14
2019-04-02,3.3699027733049E+14
2019-04-03,3.3490214153764E+14
2019-04-04,3.2121009837692E+14
2019-04-05,3.3558480981602E+14
2019-04-06,3.3504467881823E+14
2019-04-07,3.3759249916653E+14
2019-04-08,3.5943706634265E+14
2019-04-09,3.3252995619061E+14
2019-04-10,3.1967976760990E+14
2019-04-11,3.3507294180274E+14
2019-04-12,3.2050118304274E+14
2019-04-13,3.2489123443754E+14
2019-04-14,3.4754650921881E+14
2019-04-15,3.719233443568E+14
2019-04-16,3.3792593449696E+14
2019-04-17,3.3328614855011E+14
2019-04-18,3.4368688008748E+14
2019-04-19,3.4166619439148E+14
2019-04-20,3.334310382648E+14
2019-04-21,3.4583737273784E+14
2019-04-22,3.3539070180521E+14
2019-04-23,3.2906299622674E+14
2019-04-24,3.2811595194941E+14
2019-04-25,3.1810667036302E+14
2019-04-26,3.2047725230546E+14
2019-04-27,3.2220657927742E+14
2019-04-28,3.1888299604826E+14
2019-04-29,333406253464246
2019-04-30,3.37688342243E+14
2019-05-01,3.4409110061829E+14
2019-05-02,3.5597836575746E+14
2019-05-03,3.3161752666982E+14
2019-05-04,3.19371439683E+14
2019-05-05,3.4323369469066E+14
2019-05-06,3.5584395562661E+14
2019-05-07,3.4464464887639E+14
2019-05-08,3.3119475956298E+14
2019-05-09,3.4901854390636E+14
2019-05-10,3.6090231546278E+14
2019-05-11,3.4104266936732E+14
2019-05-12,318630174556858
2019-05-13,3.4803159288622E+14
2019-05-14,3.4612954850897E+14
2019-05-15,3.4790709400141E+14
2019-05-16,371591874353776
2019-05-17,3.5715813449682E+14
2019-05-18,3.4536439884124E+14
2019-05-19,3.4402328619186E+14
2019-05-20,3.5311940119376E+14
2019-05-21,3.4802720087589E+14
2019-05-22,3.5302854521663E+14
2019-05-23,3.4318460577082E+14
2019-05-24,3.5379671328659E+14
2019-05-25,3.5314305170343E+14
2019-05-26,3.6851731965484E+14
2019-05-27,3.6088676208202E+14
2019-05-28,3.5878611303539E+14
2019-05-29,3.6700877986016E+14
2019-05-30,3.6754698073481E+14
2019-05-31,3.7325889420535E+14
2019-06-01,3.7063784109118E+14
2019-06-02,3.7398144611583E+14
2019-06-03,3.7057074972294E+14
2019-06-04,3.6044647495812E+14
2019-06-05,3.7992611093294E+14
2019-06-06,3.7393474127825E+14
2019-06-07,3.7987592887079E+14
2019-06-08,3.946996697193E+14
2019-06-09,3.987010156503E+14
2019-06-10,4.0775567000227E+14
2019-06-11,3.6685402642085E+14
2019-06-12,3.675376254596E+14
2019-06-13,3.8659126940478E+14
2019-06-14,3.943471800054E+14
2019-06-15,3.8800374395101E+14
2019-06-16,3.9431515202199E+14
2019-06-17,3.9713693051688E+14
2019-06-18,3.9788291363138E+14
2019-06-19,4.1309615943649E+14
2019-06-20,4.3826228150072E+14
2019-06-21,4.4513372410287E+14
2019-06-22,4.0455370274657E+14
2019-06-23,4.23665802023E+14
2019-06-24,4.4557385937037E+14
2019-06-25,4.461981267491E+14
2019-06-26,4.3568949436036E+14
2019-06-27,4.5796866983324E+14
2019-06-28,4.5534074640103E+14
2019-06-29,4.346294271051E+14
2019-06-30,4.1807714212746E+14
2019-07-01,436768825503554
2019-07-02,4.4535762123262E+14
2019-07-03,4.6810189966587E+14
2019-07-04,4.5507842130954E+14
2019-07-05,4.3904000430781E+14
2019-07-06,4.2843937135571E+14
2019-07-07,4.4970320252872E+14
2019-07-08,4.2714141943967E+14
2019-07-09,4.2062666862219E+14
2019-07-10,4.5358788204413E+14
2019-07-11,4.6063396958262E+14
2019-07-12,4.7419913159561E+14
2019-07-13,4.6960786902532E+14
2019-07-14,5.2381733887263E+14
2019-07-15,4.9767991753334E+14
2019-07-16,4.3528265212278E+14
2019-07-17,4.588977398367E+14
2019-07-18,4.6180270159433E+14
2019-07-19,4.7336901252520E+14
2019-07-20,4.4959596089988E+14
2019-07-21,4.2704617494377E+14
2019-07-22,4.4782630792284E+14
2019-07-23,4.3976337259547E+14
2019-07-24,4.5590012799203E+14
2019-07-25,4.3461193213497E+14
2019-07-26,4.1194714807464E+14
2019-07-27,4.3578057475543E+14
2019-07-28,4.7490011937173E+14
2019-07-29,465604367347487
2019-07-30,4.4970651620992E+14
2019-07-31,4.7594904637598E+14
2019-08-01,4.6058246291086E+14
2019-08-02,4.4896626029968E+14
2019-08-03,4.8069059876352E+14
2019-08-04,4.5350558286338E+14
2019-08-05,4.5833123753627E+14
2019-08-06,4.4401229070914E+14
2019-08-07,4.2066194333911E+14
2019-08-08,3.8129581321202E+14
2019-08-09,3.5984417499598E+14
2019-08-10,3.8917242599425E+14
2019-08-11,4.061807403439E+14
2019-08-12,3.8236986843914E+14
2019-08-13,381986605058462
2019-08-14,3.7319838879616E+14
2019-08-15,3.7799944398728E+14
2019-08-16,3.4816240719269E+14
2019-08-17,3.4189590568574E+14
2019-08-18,3.1886521290735E+14
2019-08-19,3.2755135353103E+14
2019-08-20,3.291486682604E+14
2019-08-21,3.189966021347E+14
2019-08-22,3.3233737163458E+14
2019-08-23,3.0971008221528E+14
2019-08-24,332585913311515
2019-08-25,3.3366468497135E+14
2019-08-26,3.2178260890267E+14
2019-08-27,3.1717869390098E+14
2019-08-28,3.3147370931865E+14
2019-08-29,3.2035371739614E+14
2019-08-30,3.1798412296272E+14
2019-08-31,316170849099689
2019-09-01,3.253689957134E+14
2019-09-02,3.0519677168511E+14
2019-09-03,3.140418674352E+14
2019-09-04,3.1003343797967E+14
2019-09-05,2.955569587001E+14
2019-09-06,3.0705710915419E+14
2019-09-07,3.1876916070179E+14
2019-09-08,2.9570517722689E+14
2019-09-09,3.1943893506898E+14
2019-09-10,3.2047041069675E+14
2019-09-11,3.0090671369653E+14
2019-09-12,3.218359460032E+14
2019-09-13,3.2148154858751E+14
2019-09-14,3.1895160389758E+14
2019-09-15,3.1824373127517E+14
2019-09-16,3.041470487872E+14
2019-09-17,3.1189611807418E+14
2019-09-18,3.184280500741E+14
2019-09-19,3.1314881718239E+14
2019-09-20,3.307681561909E+14
2019-09-21,3.2646494043174E+14
2019-09-22,3.2346519428811E+14
2019-09-23,3.1677132040717E+14
2019-09-24,3.0923126892234E+14
2019-09-25,3.157749206985E+14
2019-09-26,3.151898438186E+14
2019-09-27,3.0353084691207E+14
2019-09-28,2.8338136881753E+14
2019-09-29,3.0584334467419E+14
2019-09-30,300248374484545
2019-10-01,2.9131387879065E+14
2019-10-02,2.8350545103286E+14
2019-10-03,2.8095310365935E+14
2019-10-04,2.5571419310147E+14
2019-10-05,2.7977891329993E+14
2019-10-06,2.8368707009691E+14
2019-10-07,2.8026118057193E+14
2019-10-08,2.8084746436512E+14
2019-10-09,2.8577588776254E+14
2019-10-10,2.9072827895257E+14
2019-10-11,2.8670604700787E+14
2019-10-12,2.6699998314296E+14
2019-10-13,2.7157478903545E+14
2019-10-14,2.6766446047308E+14
2019-10-15,2.6514896269565E+14
2019-10-16,2.5251676673541E+14
2019-10-17,2.5455355887459E+14
2019-10-18,2.5057634698548E+14
2019-10-19,2.2833443340083E+14
2019-10-20,2.4197471090238E+14
2019-10-21,2.3145581480504E+14
2019-10-22,2.2435669615143E+14
2019-10-23,2.3281808162185E+14
2019-10-24,2.2007553646747E+14
2019-10-25,2.1265007051367E+14
2019-10-26,2.0133705264958E+14
2019-10-27,1.9353912907773E+14
2019-10-28,2.0280658804519E+14
2019-10-29,1.9084935573493E+14
2019-10-30,1.8519816504375E+14
2019-10-31,2.0136573835734E+14
2019-11-01,1.8156975607408E+14
2019-11-02,1.7888938803123E+14
2019-11-03,1.8120928455289E+14
2019-11-04,1.7842272011647E+14
2019-11-05,1.8171501208395E+14
2019-11-06,1.9023155707422E+14
2019-11-07,1.8662333327916E+14
2019-11-08,1.8799382766013E+14
2019-11-09,1.8841156469124E+14
2019-11-10,1.7585698434685E+14
2019-11-11,1.8137150247233E+14
2019-11-12,1.9038212230599E+14
2019-11-13,1.8034653591502E+14
2019-11-14,1.8430460082327E+14
2019-11-15,1.8023066816857E+14
2019-11-16,1.68533532213E+14
2019-11-17,171646771748331
2019-11-18,1.8587556012844E+14
2019-11-19,1.829452708078E+14
2019-11-20,1.7541843872198E+14
2019-11-21,1.7417411585589E+14
2019-11-22,1.7889659229511E+14
2019-11-23,1.7261829994936E+14
2019-11-24,1.7569541713514E+14
2019-11-25,1.6782873206778E+14
2019-11-26,1.6449352932584E+14
2019-11-27,1.6803784398981E+14
2019-11-28,1.4964802494821E+14
2019-11-29,1.5123763346970E+14
2019-11-30,1.563913283212E+14
2019-12-01,1.5910154327655E+14
2019-12-02,1.6380492649133E+14
2019-12-03,1.6022884774727E+14
2019-12-04,1.5791258778255E+14
2019-12-05,1.570994242094E+14
2019-12-06,1.5471999329889E+14
2019-12-07,1.6597606611804E+14
2019-12-08,1.6670114479337E+14
2019-12-09,1.5241566610565E+14
2019-12-10,1.5138792056159E+14
2019-12-11,1.5576683449115E+14
2019-12-12,1.3355539350405E+14
2019-12-13,1.3017027189797E+14
2019-12-14,1.3882120373504E+14
2019-12-15,1.4644896436236E+14
2019-12-16,1.3548195418405E+14
2019-12-17,1.3826104215285E+14
2019-12-18,1.3392697788302E+14
2019-12-19,1.3713905710682E+14
2019-12-20,1.3774756915698E+14
2019-12-21,1.3554413915998E+14
2019-12-22,1.4752917355474E+14
2019-12-23,1.5493032856519E+14
2019-12-24,1.4808514510324E+14
2019-12-25,1.4137480375081E+14
2019-12-26,1.4374565496907E+14
2019-12-27,1.4711228989498E+14
2019-12-28,1.4302380471735E+14
2019-12-29,1.5301359542609E+14
2019-12-30,1.5378002048058E+14
2019-12-31,1.3888767866102E+14
2020-01-01,1.4655504464256E+14
2020-01-02,1.5111203191956E+14
2020-01-03,1.4295595686308E+14
2020-01-04,1.4404251806596E+14
2020-01-05,1.5170637498466E+14
2020-01-06,1.5356743647875E+14
2020-01-07,1.6250439801317E+14
2020-01-08,1.6472957977987E+14
2020-01-09,1.6390201884525E+14
2020-01-10,1.5723320613533E+14
2020-01-11,1.5994030484543E+14
2020-01-12,1.7107387454084E+14
2020-01-13,165713809516897
2020-01-14,1.5970778349025E+14
2020-01-15,1.5813293929248E+14
2020-01-16,1.6201550856517E+14
2020-01-17,1.5193637532324E+14
2020-01-18,1.6075127710958E+14
2020-01-19,1.6521720825476E+14
2020-01-20,1.6808911955249E+14
2020-01-21,1.4497237285339E+14
2020-01-22,1.432702756912E+14
2020-01-23,1.4319145458447E+14
2020-01-24,1.4246651974443E+14
2020-01-25,1.5223617725249E+14
2020-01-26,1.6227852035346E+14
2020-01-27,1.5868422343094E+14
2020-01-28,1.4923591492018E+14
2020-01-29,1.5521672782726E+14
2020-01-30,1.4885593212921E+14
2020-01-31,1.4583879544566E+14
2020-02-01,1.5744779267164E+14
2020-02-02,1.5620976577347E+14
2020-02-03,1.5937546600695E+14
2020-02-04,1.7084872230363E+14
2020-02-05,1.6738742375802E+14
2020-02-06,1.8667044504347E+14
2020-02-07,1.7359195092599E+14
2020-02-08,1.7535592828222E+14
2020-02-09,1.8462843953366E+14
2020-02-10,1.6925677089736E+14
2020-02-11,1.6491505633157E+14
2020-02-12,1.5972080737974E+14
2020-02-13,1.6244258524003E+14
2020-02-14,1.7332212530707E+14
2020-02-15,1.7116365428592E+14
2020-02-16,1.8136472400911E+14
2020-02-17,1.8223400813663E+14
2020-02-18,1.7735781056036E+14
2020-02-19,1.7655768244538E+14
2020-02-20,1.7964172574945E+14
2020-02-21,1.6455996363815E+14
2020-02-22,1.7324916199534E+14
2020-02-23,1.7429025021024E+14
2020-02-24,1.8309102228599E+14
2020-02-25,1.8568124404231E+14
2020-02-26,1.7434257248315E+14
2020-02-27,1.8032900500462E+14
2020-02-28,1.706299655847E+14
2020-02-29,1.8704489311666E+14
2020-03-01,1.9182006366144E+14
2020-03-02,1.7391996192988E+14
2020-03-03,1.7670080775916E+14
2020-03-04,1.7186747089429E+14
2020-03-05,1.8245344104222E+14
2020-03-06,1.7862055166094E+14
2020-03-07,1.8671205249799E+14
2020-03-08,1.8942877106246E+14
2020-03-09,1.7649967339846E+14
2020-03-10,1.9184399511338E+14
2020-03-11,1.8027284557992E+14
2020-03-12,174661112413454
2020-03-13,1.4919242330687E+14
2020-03-14,1.404030656461E+14
2020-03-15,1.3744814161079E+14
2020-03-16,1.2796554214970E+14
2020-03-17,1.4191976009167E+14
2020-03-18,1.4018682980082E+14
2020-03-19,134889274337358
2020-03-20,1.3233123153384E+14
2020-03-21,1.3720758921383E+14
2020-03-22,1.4932770010996E+14
2020-03-23,1.474825275598E+14
2020-03-24,1.3737610895546E+14
2020-03-25,1.392596155135E+14
2020-03-26,1.4460686182258E+14
2020-03-27,1.3980474297987E+14
2020-03-28,1.423672262972E+14
2020-03-29,1.4860801308471E+14
2020-03-30,140152076538952
2020-03-31,1.4450223737013E+14
2020-04-01,1.445589978203E+14
2020-04-02,1.459517956131E+14
2020-04-03,1.4268427783559E+14
2020-04-04,1.4890532880994E+14
2020-04-05,1.5203286035422E+14
2020-04-06,1.5367053446452E+14
2020-04-07,1.4979774851119E+14
2020-04-08,1.6116758262653E+14
2020-04-09,1.6039574058873E+14
2020-04-10,1.526120246479E+14
2020-04-11,1.5832746596232E+14
2020-04-12,1.6228590432889E+14
2020-04-13,1.5836379853683E+14
2020-04-14,1.4947259716908E+14
2020-04-15,1.5408987949008E+14
2020-04-16,1.5654431914397E+14
2020-04-17,1.6759748635314E+14
2020-04-18,1.7015001757884E+14
2020-04-19,1.675664598702E+14
2020-04-20,1.7870731800215E+14
2020-04-21,1.7577489601775E+14
2020-04-22,1.7135618803334E+14
2020-04-23,1.673618710543E+14
2020-04-24,1.6643526327178E+14
2020-04-25,1.7480481682187E+14
2020-04-26,167280990177217
2020-04-27,1.733308101665E+14
2020-04-28,1.7621796988942E+14
2020-04-29,1.8599933550363E+14
2020-04-30,1.7515987681235E+14
2020-05-01,1.7501982012771E+14
2020-05-02,1.8261621228802E+14
2020-05-03,1.7845700288086E+14
2020-05-04,1.8287369934295E+14
2020-05-05,1.8909421178414E+14
2020-05-06,1.9425369392684E+14
2020-05-07,1.8533554484356E+14
2020-05-08,1.804126509405E+14
2020-05-09,1.8662281908730E+14
2020-05-10,1.8965492196492E+14
2020-05-11,1.8078282070914E+14
2020-05-12,1.7913154970117E+14
2020-05-13,1.8454004587753E+14
2020-05-14,178685576744834
2020-05-15,1.9270063585284E+14
2020-05-16,1.8939631151836E+14
2020-05-17,2.0521631504168E+14
2020-05-18,1.9792059830945E+14
2020-05-19,1.6657107295734E+14
2020-05-20,1.7214692143077E+14
2020-05-21,1.6830144939705E+14
2020-05-22,1.9872647362169E+14
2020-05-23,2.0160572775262E+14
2020-05-24,2.1362103224232E+14
2020-05-25,2.0840597763505E+14
2020-05-26,2.1635196329669E+14
2020-05-27,2.3927195642202E+14
2020-05-28,2.4085618866096E+14
2020-05-29,2.3345718100818E+14
2020-05-30,2.4512709069256E+14
2020-05-31,2.5619542447477E+14
2020-06-01,2.4825812252291E+14
2020-06-02,2.4317337957866E+14
2020-06-03,2.4634475673228E+14
2020-06-04,2.3907164567976E+14
2020-06-05,2.165465289778E+14
2020-06-06,2.36656320244E+14
2020-06-07,2.458199836872E+14
2020-06-08,2.3547023593457E+14
2020-06-09,2.4325653542112E+14
2020-06-10,2.2910949551873E+14
2020-06-11,2.3133818473467E+14
2020-06-12,2.2561176214724E+14
2020-06-13,2.2378664409577E+14
2020-06-14,2.2514824954864E+14
2020-06-15,2.344096966829E+14
2020-06-16,2.1909120861867E+14
2020-06-17,2.3033900734194E+14
2020-06-18,2.3102961693099E+14
2020-06-19,2.3904815034929E+14
2020-06-20,2.4975686450096E+14
2020-06-21,2.5439314471336E+14
2020-06-22,2.4134173221882E+14
2020-06-23,2.4788422347141E+14
2020-06-24,2.4105167789202E+14
2020-06-25,2.132126263343E+14
2020-06-26,2.3391130727201E+14
2020-06-27,2.3251369871166E+14
2020-06-28,2.4062639966484E+14
2020-06-29,2.5516890825256E+14
2020-06-30,2.5006281755018E+14
2020-07-01,2.6426208548697E+14
2020-07-02,2.5060126594403E+14
2020-07-03,2.5064937399679E+14
2020-07-04,2.4805571166975E+14
2020-07-05,2.6479076194785E+14
2020-07-06,2.4961467704019E+14
2020-07-07,2.4223293936855E+14
2020-07-08,2.4590503111624E+14
2020-07-09,2.3852055935467E+14
2020-07-10,2.4050517624385E+14
2020-07-11,2.6485366429187E+14
2020-07-12,2.7822383283847E+14
2020-07-13,2.7457822566954E+14
2020-07-14,2.584100182042E+14
2020-07-15,2.7049426049039E+14
2020-07-16,2.6792898335218E+14
2020-07-17,2.6296582264697E+14
2020-07-18,2.5685504872418E+14
2020-07-19,2.5831333556397E+14
2020-07-20,2.6589178470896E+14
2020-07-21,2.8085514651845E+14
2020-07-22,2.7053154497604E+14
2020-07-23,2.6493959525394E+14
2020-07-24,2.7305801671816E+14
2020-07-25,2.643289797718E+14
2020-07-26,2.6263964861108E+14
2020-07-27,2.6432961104384E+14
2020-07-28,2.837880037055E+14
2020-07-29,2.7289881016139E+14
2020-07-30,2.8013499300334E+14
2020-07-31,2.754151298497E+14
2020-08-01,2.7708760761552E+14
2020-08-02,2.9119500155989E+14
2020-08-03,2.6659169025014E+14
2020-08-04,2.8288509859466E+14
2020-08-05,2.6317887450984E+14
2020-08-06,2.5781985631182E+14
2020-08-07,2.4695158332447E+14
2020-08-08,2.3018537983907E+14
2020-08-09,2.6210011539292E+14
2020-08-10,2.8250423584412E+14
2020-08-11,2.7636301774529E+14
2020-08-12,2.6053345989897E+14
2020-08-13,2.5800929964996E+14
2020-08-14,2.7943562046154E+14
2020-08-15,2.7521273904105E+14
2020-08-16,2.7368465436485E+14
2020-08-17,2.6724864396912E+14
2020-08-18,2.1376661489845E+14
2020-08-19,2.2191989372643E+14
2020-08-20,2.4266653884642E+14
2020-08-21,2.5276379068047E+14
2020-08-22,2.495389724451E+14
2020-08-23,2.6792886916183E+14
2020-08-24,2.5110987883777E+14
2020-08-25,2.4638896328697E+14
2020-08-26,2.494796049138E+14
2020-08-27,2.5426722749383E+14
2020-08-28,2.6514805953052E+14
2020-08-29,2.5278420241195E+14
2020-08-30,2.4652390578164E+14
2020-08-31,2.6371548972487E+14
2020-09-01,2.6738654670712E+14
2020-09-02,2.7020255247261E+14
2020-09-03,273331817635297
2020-09-04,2.6964332982746E+14
2020-09-05,2.8293267585457E+14
2020-09-06,2.6978051967698E+14
2020-09-07,2.7493592310194E+14
2020-09-08,2.9309662214193E+14
2020-09-09,3.107111397609E+14
2020-09-10,2.7946781738065E+14
2020-09-11,2.9337408070466E+14
2020-09-12,2.9192280332955E+14
2020-09-13,2.8399430900813E+14
2020-09-14,2.9812883983794E+14
2020-09-15,2.9034005578261E+14
2020-09-16,2.8667611977507E+14
2020-09-17,2.8428565254268E+14
2020-09-18,2.8585245794522E+14
2020-09-19,2.8581664152081E+14
2020-09-20,2.8554423489396E+14
2020-09-21,2.7768309141949E+14
2020-09-22,2.774115217465E+14
2020-09-23,2.7729472800687E+14
2020-09-24,2.845047766167E+14
2020-09-25,2.9747879504896E+14
2020-09-26,2.9889839501935E+14
2020-09-27,3.0123410838836E+14
2020-09-28,3.0691734655926E+14
2020-09-29,3.0127760708149E+14
2020-09-30,2.9192815977383E+14
2020-10-01,279004796432681
2020-10-02,2.7989826537059E+14
2020-10-03,2.5284575722677E+14
2020-10-04,2.6703407274146E+14
2020-10-05,2.6239784587048E+14
2020-10-06,2.5520030878476E+14
2020-10-07,2.6685321890421E+14
2020-10-08,2.7498142481931E+14
2020-10-09,2.83165004303E+14
2020-10-10,2.7131588660353E+14
2020-10-11,2.9060501406868E+14
2020-10-12,2.7536522614735E+14
2020-10-13,2.7520516169344E+14
2020-10-14,2.7349962947038E+14
2020-10-15,2.7954890367088E+14
2020-10-16,2.7092760274643E+14
2020-10-17,2.4556536439821E+14
2020-10-18,2.4988819172368E+14
2020-10-19,2.5801925495306E+14
2020-10-20,2.7392965308035E+14
2020-10-21,2.6504810463771E+14
2020-10-22,2.4958699330508E+14
2020-10-23,2.4610990696996E+14
2020-10-24,2.3973497281724E+14
2020-10-25,2.3772002787407E+14
2020-10-26,2.0765788135554E+14
2020-10-27,1.9430816235508E+14
2020-10-28,1.6444981360671E+14
2020-10-29,1.6038976872424E+14
2020-10-30,1.8402972045055E+14
2020-10-31,1.8011461067662E+14
2020-11-01,1.7483474614251E+14
2020-11-02,173999044146274
2020-11-03,1.8934843244997E+14
2020-11-04,1.9327396611454E+14
2020-11-05,1.9659983098315E+14
2020-11-06,1.9585444959456E+14
2020-11-07,1.9639998803176E+14
2020-11-08,2.0309357547059E+14
2020-11-09,1.9593742775606E+14
2020-11-10,1.9414649276749E+14
2020-11-11,1.9205167858256E+14
2020-11-12,1.9667493389508E+14
2020-11-13,1.934971738962E+14
2020-11-14,1.7573128481147E+14
2020-11-15,1.9341027728041E+14
2020-11-16,1.9238814928715E+14
2020-11-17,1.883556663474E+14
2020-11-18,1.8873479688783E+14
2020-11-19,2.0073576794478E+14
2020-11-20,1.9506813712214E+14
2020-11-21,1.9340807949248E+14
2020-11-22,2.2411671179607E+14
2020-11-23,2.3166981400712E+14
2020-11-24,2.2184542088892E+14
2020-11-25,2.1933678928702E+14
2020-11-26,2.0939637285526E+14
2020-11-27,2.1339612033202E+14
2020-11-28,2.0745102435855E+14
2020-11-29,2.1824272780855E+14
2020-11-30,2.1488934452102E+14
2020-12-01,2.2075999526400E+14
2020-12-02,2.2895331257265E+14
2020-12-03,2.3581802859718E+14
2020-12-04,2.2373618383063E+14
2020-12-05,2.2751961537054E+14
2020-12-06,2.3353333168838E+14
2020-12-07,2.3737307986812E+14
2020-12-08,2.2301621237332E+14
2020-12-09,2.4332688233109E+14
2020-12-10,2.3470399665915E+14
2020-12-11,2.4144560257808E+14
2020-12-12,2.2136632585419E+14
2020-12-13,2.2748999712457E+14
2020-12-14,2.5165471458505E+14
2020-12-15,2.3174498489353E+14
2020-12-16,2.3868684142761E+14
2020-12-17,2.4619398913413E+14
2020-12-18,2.3024024394871E+14
2020-12-19,2.3139354336804E+14
2020-12-20,2.431046676942E+14
2020-12-21,2.3103259052922E+14
2020-12-22,2.2957515971748E+14
2020-12-23,2.2850885039488E+14
2020-12-24,2.528824433906E+14
2020-12-25,2.6228147022281E+14
2020-12-26,2.6418826601481E+14
2020-12-27,2.6156630071211E+14
2020-12-28,2.5958896907378E+14
2020-12-29,2.5888666993849E+14
2020-12-30,253097313016712
2020-12-31,2.4556739930795E+14
2021-01-01,2.6586073176508E+14
2021-01-02,2.535440299489E+14
2021-01-03,2.624640142745E+14
2021-01-04,2.7614036082563E+14
2021-01-05,2.6495797156753E+14
2021-01-06,2.7644747603706E+14
2021-01-07,2.7571512797251E+14
2021-01-08,2.8199780543076E+14
2021-01-09,296905070133954
2021-01-10,2.9910429441643E+14
2021-01-11,301232693703518
2021-01-12,3.0026871708971E+14
2021-01-13,2.9270336603736E+14
2021-01-14,2.9784066464515E+14
2021-01-15,2.9441092889801E+14
2021-01-16,2.8854933677204E+14
2021-01-17,3.082124495538E+14
2021-01-18,2.9210130778539E+14
2021-01-19,2.9333867494766E+14
2021-01-20,288596403968323
2021-01-21,2.9351737427258E+14
2021-01-22,2.8621925764499E+14
2021-01-23,2.87263809614E+14
2021-01-24,3.0272239842216E+14
2021-01-25,2.9906880883337E+14
2021-01-26,3.1003070604525E+14
2021-01-27,2.9171790435628E+14
2021-01-28,2.8890521084873E+14
2021-01-29,2.8321362985118E+14
2021-01-30,2.6901934507021E+14
2021-01-31,3.034042639692E+14
2021-02-01,3.0422070291424E+14
2021-02-02,3.0410894584881E+14
2021-02-03,2.9122989937214E+14
2021-02-04,2.8916237445793E+14
2021-02-05,3.0062137666698E+14
2021-02-06,2.9121871130413E+14
2021-02-07,2.9113858161211E+14
2021-02-08,3.0352310204195E+14
2021-02-09,2.9790574601663E+14
2021-02-10,3.0079496255829E+14
2021-02-11,2.7807171255916E+14
2021-02-12,2.9931105458324E+14
2021-02-13,3.0272663890327E+14
2021-02-14,3.0639740197693E+14
2021-02-15,2.8628960366041E+14
2021-02-16,2.9124072017449E+14
2021-02-17,2.9377346415787E+14
2021-02-18,2.9568384415394E+14
2021-02-19,3.001068960051E+14
2021-02-20,3.0221963486268E+14
2021-02-21,2.6982046536782E+14
2021-02-22,2.9303318886578E+14
2021-02-23,2.8911243387126E+14
2021-02-24,2.8475060735191E+14
2021-02-25,2.6581070245892E+14
2021-02-26,2.9441178548123E+14
2021-02-27,295834160833381
2021-02-28,2.9424530385677E+14
2021-03-01,2.9706013470391E+14
2021-03-02,303824867985690
2021-03-03,2.8547087998828E+14
2021-03-04,2.8280831288167E+14
2021-03-05,2.7419202685839E+14
2021-03-06,2.92109141063E+14
2021-03-07,3.0911157297685E+14
2021-03-08,2.9912261115708E+14
2021-03-09,3.0645872834871E+14
2021-03-10,300983958132656
2021-03-11,2.7946909601598E+14
2021-03-12,2.6872665343422E+14
2021-03-13,2.5907176928462E+14
2021-03-14,2.9671186940823E+14
2021-03-15,2.8921033754153E+14
2021-03-16,2.9906702795034E+14
2021-03-17,2.9267375012613E+14
2021-03-18,271328981601407
2021-03-19,2.8930858237416E+14
2021-03-20,2.8108181385675E+14
2021-03-21,2.8955478626042E+14
2021-03-22,3.0126415576467E+14
2021-03-23,3.0395602692954E+14
2021-03-24,2.6127981298806E+14
2021-03-25,2.8321345249532E+14
2021-03-26,2.8095251227793E+14
2021-03-27,2.5922955589137E+14
2021-03-28,2.8069266074998E+14
2021-03-29,2.8887956545261E+14
2021-03-30,2.8205776991402E+14
2021-03-31,2.8523577693629E+14
2021-04-01,2.6973175535956E+14
2021-04-02,2.7682749972422E+14
2021-04-03,2.7471872170283E+14
2021-04-04,2.9784104451850E+14
2021-04-05,3.0063166862821E+14
2021-04-06,3.1723676257207E+14
2021-04-07,3.0326452894202E+14
2021-04-08,3.0954031030918E+14
2021-04-09,2.9382024739784E+14
2021-04-10,3.0336427214896E+14
2021-04-11,3.0320706890788E+14
2021-04-12,3.1993338514911E+14
2021-04-13,3.3126334359409E+14
2021-04-14,292520674416096
2021-04-15,2.9691884177615E+14
2021-04-16,2.8547314571818E+14
2021-04-17,2.786839676825E+14
2021-04-18,3.0881032942247E+14
2021-04-19,3.1967449046161E+14
2021-04-20,3.0992398484838E+14
2021-04-21,2.9867337409077E+14
2021-04-22,2.9472851832309E+14
2021-04-23,3.0586769603941E+14
2021-04-24,2.9695825378199E+14
2021-04-25,3.1845788861292E+14
2021-04-26,3.08259640241E+14
2021-04-27,3.2118765495972E+14
2021-04-28,3.1539943295061E+14
2021-04-29,3.1074910653215E+14
2021-04-30,3.1099792018269E+14
2021-05-01,3.1729218373777E+14
2021-05-02,3.4862428409765E+14
2021-05-03,3.38922527074E+14
2021-05-04,3.4735415871670E+14
2021-05-05,3.7022838287004E+14
2021-05-06,3.5434467938302E+14
2021-05-07,3.6949382818020E+14
2021-05-08,3.6375595107614E+14
2021-05-09,3.6583543284393E+14
2021-05-10,3.5328028137395E+14
2021-05-11,3.4320760212122E+14
2021-05-12,3.3567632532737E+14
2021-05-13,3.3864722764501E+14
2021-05-14,3.2608925205224E+14
2021-05-15,3.4007178816557E+14
2021-05-16,3.6043802031214E+14
2021-05-17,3.3980287209378E+14
2021-05-18,3.4219852626836E+14
2021-05-19,3.1012679490302E+14
2021-05-20,3.3991951277162E+14
2021-05-21,3.3286651256752E+14
2021-05-22,3.1171183857074E+14
2021-05-23,3.0920682949920E+14
2021-05-24,3.338829934029E+14
2021-05-25,3.4137129077807E+14
2021-05-26,3.6263735336088E+14
2021-05-27,3.4674467875153E+14
2021-05-28,376563358275265
2021-05-29,3.8481892993248E+14
2021-05-30,3.6262666016096E+14
2021-05-31,3.4777315712456E+14
2021-06-01,3.5829983654682E+14
2021-06-02,349441131555588
2021-06-03,3.4516545679473E+14
2021-06-04,3.3853235285093E+14
2021-06-05,3.2697315800568E+14
2021-06-06,341388156760656
2021-06-07,3.8134880438480E+14
2021-06-08,3.6640478685152E+14
2021-06-09,3.5209011059872E+14
2021-06-10,3.6808361027519E+14
2021-06-11,3.8085531216451E+14
2021-06-12,3.6962240645762E+14
2021-06-13,3.4362780898439E+14
2021-06-14,3.4398986738887E+14
2021-06-15,3.394821827437E+14
2021-06-16,3.1938723695777E+14
2021-06-17,3.2694040725374E+14
2021-06-18,3.2141308242457E+14
2021-06-19,2.7457871948613E+14
2021-06-20,3.0147454727299E+14
2021-06-21,2.7402636378487E+14
2021-06-22,2.6155810996901E+14
2021-06-23,2.3697244977427E+14
2021-06-24,2.331768910514E+14
2021-06-25,2.2201477482297E+14
2021-06-26,2.1238111103067E+14
2021-06-27,170323669929437
2021-06-28,1.8753837550789E+14
2021-06-29,1.9552645565656E+14
2021-06-30,2.0190568189092E+14
2021-07-01,1.8800574184576E+14
2021-07-02,2.2253635419913E+14
2021-07-03,2.2408483709514E+14
2021-07-04,2.4486086911186E+14
2021-07-05,2.3686573442828E+14
2021-07-06,234070880533429
2021-07-07,2.3409815442861E+14
2021-07-08,2.3164275019369E+14
2021-07-09,2.2395086913114E+14
2021-07-10,2.3596801942954E+14
2021-07-11,2.4338288864346E+14
2021-07-12,2.4601399785211E+14
2021-07-13,2.5101146641253E+14
2021-07-14,2.38772211417E+14
2021-07-15,2.329750380671E+14
2021-07-16,2.5496116525786E+14
2021-07-17,2.4574399209323E+14
2021-07-18,2.6231637885251E+14
2021-07-19,2.4502660342908E+14
2021-07-20,2.5700939395399E+14
2021-07-21,2.6435376638237E+14
2021-07-22,2.666508176452E+14
2021-07-23,2.6582912916019E+14
2021-07-24,2.602602505515E+14
2021-07-25,2.8905698800848E+14
2021-07-26,2.6382776955400E+14
2021-07-27,2.679874979849E+14
2021-07-28,2.7499149660948E+14
2021-07-29,2.6960701616736E+14
2021-07-30,2.5798300271314E+14
2021-07-31,2.6240194886087E+14
2021-08-01,2.5863622424946E+14
2021-08-02,2.616430648198E+14
2021-08-03,2.508890244767E+14
2021-08-04,2.4836189257857E+14
2021-08-05,2.7146864069959E+14
2021-08-06,2.8364940609106E+14
2021-08-07,2.9168449246527E+14
2021-08-08,2.9445682861728E+14
2021-08-09,2.8869752539354E+14
2021-08-10,2.7602635089749E+14
2021-08-11,2.831623655887E+14
2021-08-12,2.7658977038771E+14
2021-08-13,2.7063607108856E+14
2021-08-14,2.6893369908228E+14
2021-08-15,2.7257597377246E+14
2021-08-16,286280358873811
2021-08-17,271952149360596
2021-08-18,2.8123594523658E+14
2021-08-19,3.19366974521E+14
2021-08-20,3.1123232027736E+14
2021-08-21,3.161464790545E+14
2021-08-22,2.9372555626576E+14
2021-08-23,2.7818561259809E+14
2021-08-24,2.9492185232738E+14
2021-08-25,2.9554655604545E+14
2021-08-26,2.9319683035364E+14
2021-08-27,2.8041120116019E+14
2021-08-28,3.0494173262897E+14
2021-08-29,3.2365674410277E+14
2021-08-30,3.0519808047544E+14
2021-08-31,3.033778783852E+14
2021-09-01,3.1414622987425E+14
2021-09-02,3.0298742884627E+14
2021-09-03,3.0712019970514E+14
2021-09-04,3.2181213496599E+14
2021-09-05,3.3170418863170E+14
2021-09-06,3.1297359833511E+14
2021-09-07,3.1471653802305E+14
2021-09-08,3.1145413598582E+14
2021-09-09,3.1799996971025E+14
2021-09-10,3.1087370030714E+14
2021-09-11,3.1259162175179E+14
2021-09-12,3.286231833652E+14
2021-09-13,3.3258646014742E+14
2021-09-14,3.2342017891891E+14
2021-09-15,303329188136844
2021-09-16,3.0269739308846E+14
2021-09-17,3.2716760255404E+14
2021-09-18,3.2528966402997E+14
2021-09-19,3.3202183929845E+14
2021-09-20,338706301363528
2021-09-21,3.3358456388407E+14
2021-09-22,3.4579176093178E+14
2021-09-23,3.2521747122129E+14
2021-09-24,3.2688711990836E+14
2021-09-25,2.9797197735593E+14
2021-09-26,2.9644279813996E+14
2021-09-27,3.166916004625E+14
2021-09-28,3.0537385732726E+14
2021-09-29,2.900924612684E+14
2021-09-30,2.9972495245122E+14
2021-10-01,3.0031633610112E+14
2021-10-02,3.2051154718449E+14
2021-10-03,3.2061630455709E+14
2021-10-04,3.0958973610866E+14
2021-10-05,3.2778439588759E+14
2021-10-06,3.3124017045451E+14
2021-10-07,3.0233373116586E+14
2021-10-08,3.0712185199549E+14
2021-10-09,2.978639635246E+14
2021-10-10,3.2028998581185E+14
2021-10-11,3.2070876788875E+14
2021-10-12,3.311518360453E+14
2021-10-13,3.2792736885834E+14
2021-10-14,3.2281333531684E+14
2021-10-15,3.0702505966671E+14
2021-10-16,3.270740465997E+14
2021-10-17,3.1072761882467E+14
2021-10-18,3.1627320325362E+14
2021-10-19,3.1087310364933E+14
2021-10-20,325791236149350
2021-10-21,3.0282743232887E+14
2021-10-22,3.0896139327763E+14
2021-10-23,3.2356090316529E+14
2021-10-24,3.3547671795534E+14
2021-10-25,3.4376934306118E+14
2021-10-26,347128284312805
2021-10-27,3.3639703951199E+14
2021-10-28,3.5842104478436E+14
2021-10-29,3.4211684923408E+14
2021-10-30,3.3453099171898E+14
2021-10-31,3.2695514936225E+14
2021-11-01,3.2639754073964E+14
2021-11-02,3.2854431282390E+14
2021-11-03,3.1116848120768E+14
2021-11-04,3.201585371812E+14
2021-11-05,3.310236394985E+14
2021-11-06,3.1232998532542E+14
2021-11-07,3.0746017359811E+14
2021-11-08,3.0724309216607E+14
2021-11-09,3.3843686468059E+14
2021-11-10,3.1055376228935E+14
2021-11-11,3.4067421774268E+14
2021-11-12,3.3555418261262E+14
2021-11-13,3.4629035105386E+14
2021-11-14,3.5406321802436E+14
2021-11-15,3.2889188739705E+14
2021-11-16,3.2238096474345E+14
2021-11-17,3.2819855422977E+14
2021-11-18,3.2882519502022E+14
2021-11-19,3.307620689677E+14
2021-11-20,3.4989543824057E+14
2021-11-21,3.3949086713177E+14
2021-11-22,3.4361322724755E+14
2021-11-23,333775428329083
2021-11-24,3.2321742367019E+14
2021-11-25,3.3560915232756E+14
2021-11-26,3.0278119405642E+14
2021-11-27,2.7464829258796E+14
2021-11-28,2.9475428939809E+14
2021-11-29,3.0942460567869E+14
2021-11-30,3.0091672181832E+14
2021-12-01,2.9536847092892E+14
2021-12-02,3.0784536047572E+14
2021-12-03,3.278531542576E+14
2021-12-04,3.2640201822319E+14
2021-12-05,3.2413181304492E+14
2021-12-06,3.3345423388962E+14
2021-12-07,326735760568126
2021-12-08,339762291214965
2021-12-09,3.2064243479869E+14
2021-12-10,3.1641983878483E+14
2021-12-11,3.5125495209366E+14
2021-12-12,3.3653609196623E+14
2021-12-13,3.4694704750261E+14
2021-12-14,3.5630842943541E+14
2021-12-15,3.3375940182992E+14
2021-12-16,3.3585316002055E+14
2021-12-17,3.3358475003436E+14
2021-12-18,3.3107204353546E+14
2021-12-19,3.2549282489613E+14
2021-12-20,3.3016030139792E+14
2021-12-21,3.2901524593507E+14
2021-12-22,344097227426894
2021-12-23,365520412672602
2021-12-24,3.3324542353493E+14
2021-12-25,357597351014950
2021-12-26,3.447270990221E+14
2021-12-27,3.6530529935907E+14
2021-12-28,3.5974224355184E+14
2021-12-29,3.5293836154241E+14
2021-12-30,3.4165985611975E+14
2021-12-31,3.586297175118E+14
2022-01-01,3.8182928327832E+14
2022-01-02,3.7748327287996E+14
2022-01-03,3.4995030396184E+14
2022-01-04,3.5252191384462E+14
2022-01-05,3.5072229878668E+14
2022-01-06,3.6611700561314E+14
2022-01-07,3.8642739253517E+14
2022-01-08,3.5817447612657E+14
2022-01-09,3.4075207995957E+14
2022-01-10,3.2704644206051E+14
2022-01-11,3.4410915592128E+14
2022-01-12,3.4921488907469E+14
2022-01-13,3.4992998538748E+14
2022-01-14,3.67154262335E+14
2022-01-15,352840158741420
2022-01-16,3.5089269843694E+14
2022-01-17,3.776681539649E+14
2022-01-18,3.8346171644382E+14
2022-01-19,3.5113823427025E+14
2022-01-20,3.6577753114906E+14
2022-01-21,3.6947879120282E+14
2022-01-22,3.4635497649164E+14
2022-01-23,3.6082201647859E+14
2022-01-24,3.5494098134874E+14
2022-01-25,3.719303893465E+14
2022-01-26,3.5895444733662E+14
2022-01-27,3.908529754307E+14
2022-01-28,3.9232222479076E+14
2022-01-29,3.8388892849155E+14
2022-01-30,3.7669732950786E+14
2022-01-31,3.928912750468E+14
2022-02-01,3.9767403683825E+14
2022-02-02,3.8406545644074E+14
2022-02-03,3.8055410088282E+14
2022-02-04,3.9500988571257E+14
2022-02-05,3.6557115606297E+14
2022-02-06,3.8407114506078E+14
2022-02-07,3.916939809718E+14
2022-02-08,4.0105175851158E+14
2022-02-09,4.1764747246916E+14
2022-02-10,3.9494483556624E+14
2022-02-11,3.6726129395752E+14
2022-02-12,3.8459803239181E+14
2022-02-13,3.8772248843026E+14
2022-02-14,3.9312212001148E+14
2022-02-15,3.8122148698637E+14
2022-02-16,3.6914539090656E+14
2022-02-17,3.5977865693404E+14
2022-02-18,3.9634515545679E+14
2022-02-19,4.1097951684582E+14
2022-02-20,4.2029940467199E+14
2022-02-21,3.8884894223916E+14
2022-02-22,3.8908120299333E+14
2022-02-23,3.6332239091289E+14
2022-02-24,3.9566079720335E+14
2022-02-25,3.8343774467849E+14
2022-02-26,3.6470178453558E+14
2022-02-27,3.9281939056307E+14
2022-02-28,3.9504241513202E+14
2022-03-01,4.0074429675134E+14
2022-03-02,4.116550653115E+14
2022-03-03,3.8489031405095E+14
2022-03-04,4.06365249769E+14
2022-03-05,4.1739150377736E+14
2022-03-06,3.8993224015882E+14
2022-03-07,4.1816365432123E+14
2022-03-08,3.8378312522952E+14
2022-03-09,4.1138164163121E+14
2022-03-10,382070296468658
2022-03-11,4.1131157141923E+14
2022-03-12,4.389317737296E+14
2022-03-13,4.0916278239754E+14
2022-03-14,4.5673787030334E+14
2022-03-15,4.579526202182E+14
2022-03-16,4.2314437072217E+14
2022-03-17,4.2484942992924E+14
2022-03-18,4.2545722529344E+14
2022-03-19,4.2167607245641E+14
2022-03-20,4.3502014409491E+14
2022-03-21,4.2509918849223E+14
2022-03-22,4.3551381178562E+14
2022-03-23,4.3431882581968E+14
2022-03-24,4.4767170073044E+14
2022-03-25,4.5966239331248E+14
2022-03-26,4.4176336998204E+14
2022-03-27,4.4476364144084E+14
2022-03-28,4.3978751740858E+14
2022-03-29,4.6290911557361E+14
2022-03-30,4.5397278428447E+14
2022-03-31,4.4433275527377E+14
2022-04-01,4.6650310349001E+14
2022-04-02,4.529068999308E+14
2022-04-03,5.0908363833821E+14
2022-04-04,5.08188055309E+14
2022-04-05,4.8225559267402E+14
2022-04-06,4.6283883817082E+14
2022-04-07,4.608089399947E+14
2022-04-08,4.7541349842404E+14
2022-04-09,4.7387320621049E+14
2022-04-10,4.8270787079223E+14
2022-04-11,4.8022378522577E+14
2022-04-12,4.8452333324889E+14
2022-04-13,4.5590743839136E+14
2022-04-14,5.1477167185118E+14
2022-04-15,4.6871592375307E+14
2022-04-16,4.8064540977321E+14
2022-04-17,4.8522963056882E+14
2022-04-18,4.7682887712346E+14
2022-04-19,4.7465168787055E+14
2022-04-20,4.7849558219852E+14
2022-04-21,4.8454520021017E+14
2022-04-22,4.7225666886386E+14
2022-04-23,4.7861900362966E+14
2022-04-24,4.965790458714E+14
2022-04-25,4.8850042299238E+14
2022-04-26,4.8605508676232E+14
2022-04-27,4.5721786599726E+14
2022-04-28,4.9332229426028E+14
2022-04-29,5.0344813322036E+14
2022-04-30,5.1060761907812E+14
2022-05-01,5.037630113233E+14
2022-05-02,500452904423694
2022-05-03,5.1305779929979E+14
2022-05-04,4.8951589152787E+14
2022-05-05,4.9841005518749E+14
2022-05-06,4.9008154321398E+14
2022-05-07,5.1024040827038E+14
2022-05-08,5.0204390760423E+14
2022-05-09,5.2253857471317E+14
2022-05-10,4.9397109580863E+14
2022-05-11,4.5157478243966E+14
2022-05-12,4.8082094664468E+14
2022-05-13,4.6152156760167E+14
2022-05-14,4.6582764066744E+14
2022-05-15,4.4772194097254E+14
2022-05-16,4.6870944913492E+14
2022-05-17,4.4192430435399E+14
2022-05-18,4.5859260569878E+14
2022-05-19,4.6568846046318E+14
2022-05-20,4.6410071483657E+14
2022-05-21,4.6533861339176E+14
2022-05-22,4.9617216245724E+14
2022-05-23,4.7636182334656E+14
2022-05-24,4.9982286659462E+14
2022-05-25,5.0557641550805E+14
2022-05-26,4.9842740006641E+14
2022-05-27,4.7791718465635E+14
2022-05-28,4.982649583634E+14
2022-05-29,5.0632884079485E+14
2022-05-30,4.9817582693497E+14
2022-05-31,4.3745211397306E+14
2022-06-01,4.1892098115084E+14
2022-06-02,4.6800673136761E+14
2022-06-03,4.566976091443E+14
2022-06-04,4.8795844098457E+14
2022-06-05,4.7545497470902E+14
2022-06-06,5.0446339382294E+14
2022-06-07,4.8830332471773E+14
2022-06-08,4.6016846534787E+14
2022-06-09,4.595768641082E+14
2022-06-10,4.7834215327659E+14
2022-06-11,4.6980581192742E+14
2022-06-12,4.2487902679726E+14
2022-06-13,4.1838424217604E+14
2022-06-14,3.8946797763458E+14
2022-06-15,3.8224629277431E+14
2022-06-16,3.8904742451689E+14
2022-06-17,3.9447191597124E+14
2022-06-18,3.7983625128087E+14
2022-06-19,3.798663300865E+14
2022-06-20,3.6997073474256E+14
2022-06-21,3.8729541370037E+14
2022-06-22,3.8858749708104E+14
2022-06-23,4.1501768487153E+14
2022-06-24,4.3527669053632E+14
2022-06-25,4.256695407735E+14
2022-06-26,4.2336857185617E+14
2022-06-27,3.7741754178696E+14
2022-06-28,3.9168912986392E+14
2022-06-29,4.0440191120838E+14
2022-06-30,3.8273908631648E+14
2022-07-01,3.5852506915164E+14
2022-07-02,3.7708527493989E+14
2022-07-03,420919927696475
2022-07-04,3.962894859989E+14
2022-07-05,4.1459930783207E+14
2022-07-06,4.0676621901251E+14
2022-07-07,3.9962530061808E+14
2022-07-08,4.0271732294458E+14
2022-07-09,3.8040151102669E+14
2022-07-10,384869884085915
2022-07-11,4.0894288794454E+14
2022-07-12,3.9573470530236E+14
2022-07-13,3.8427611567975E+14
2022-07-14,390367771025128
2022-07-15,3.9499385750652E+14
2022-07-16,4.1967755789816E+14
2022-07-17,3.9784704692682E+14
2022-07-18,4.2808286503374E+14
2022-07-19,4.1834366978036E+14
2022-07-20,409616717547919
2022-07-21,3.8603274818371E+14
2022-07-22,4.0926349922773E+14
2022-07-23,4.0944731846746E+14
2022-07-24,3.986083099567E+14
2022-07-25,4.0406153590469E+14
2022-07-26,4.0504800854869E+14
2022-07-27,411428167799304
2022-07-28,385080217229436
2022-07-29,3.9808774011632E+14
2022-07-30,4.1065622504904E+14
2022-07-31,4.1726228989889E+14
2022-08-01,4.2025880053539E+14
2022-08-02,4.3769760375953E+14
2022-08-03,4.216749375956E+14
2022-08-04,389480504170689
2022-08-05,3.9937266077744E+14
2022-08-06,3.7853237011177E+14
2022-08-07,391318765490990
2022-08-08,406266274344101
2022-08-09,4.2135521541212E+14
2022-08-10,4.2351720373764E+14
2022-08-11,4.3225727795027E+14
2022-08-12,4.3881981861365E+14
2022-08-13,4.315014087694E+14
2022-08-14,4.343254834055E+14
2022-08-15,438739000090917
2022-08-16,412858450864068
2022-08-17,4.2626031998277E+14
2022-08-18,4.4088397932748E+14
2022-08-19,4.4895287355983E+14
2022-08-20,4.5450578055879E+14
2022-08-21,4.565103614316E+14
2022-08-22,4.1516256081150E+14
2022-08-23,4.1033456809885E+14
2022-08-24,452834373947830
2022-08-25,4.4205271982038E+14
2022-08-26,4.6111489557663E+14
2022-08-27,4.4137201360322E+14
2022-08-28,4.2733752153121E+14
2022-08-29,4.2158981432417E+14
2022-08-30,410856026281000
2022-08-31,4.1526384002325E+14
2022-09-01,4.2205122638797E+14
2022-09-02,424935397488032
2022-09-03,4.3401989475017E+14
2022-09-04,4.3904640159281E+14
2022-09-05,4.2220778692282E+14
2022-09-06,4.2536630751662E+14
2022-09-07,4.598544933098E+14
2022-09-08,4.7651968799702E+14
2022-09-09,5.0931366878927E+14
2022-09-10,5.0396706287179E+14
2022-09-11,4.8640070777594E+14
2022-09-12,4.6405967601522E+14
2022-09-13,4.7067476621753E+14
2022-09-14,4.5670307599133E+14
2022-09-15,4.5629773847374E+14
2022-09-16,4.7438706790428E+14
2022-09-17,4.6894908665538E+14
2022-09-18,461448665421943
2022-09-19,4.85398711857E+14
2022-09-20,4.9039160661768E+14
2022-09-21,4.846265790957E+14
2022-09-22,511944378247260
2022-09-23,5.3518723404672E+14
2022-09-24,4.7553148708778E+14
2022-09-25,474048281370826
2022-09-26,4.6726494867075E+14
2022-09-27,4.5831395467114E+14
2022-09-28,4.9016865235325E+14
2022-09-29,4.5266634082329E+14
2022-09-30,4.4220311061823E+14
2022-10-01,4.7966322725117E+14
2022-10-02,4.8546408169969E+14
2022-10-03,5.0674217862094E+14
2022-10-04,478508697756125
2022-10-05,483421824367417
2022-10-06,4.9992778420106E+14
2022-10-07,4.6838034827102E+14
2022-10-08,4.6365613874345E+14
2022-10-09,4.8461149540501E+14
2022-10-10,4.550857282889E+14
2022-10-11,4.6341988501233E+14
2022-10-12,4.8929741557818E+14
2022-10-13,4.7768779273398E+14
2022-10-14,4.5517887637058E+14
2022-10-15,455406068257801
2022-10-16,4.8800128262659E+14
2022-10-17,4.9163233659369E+14
2022-10-18,4.9003832426342E+14
2022-10-19,4.923623378337E+14
2022-10-20,5.0336172281164E+14
2022-10-21,4.9621811971348E+14
2022-10-22,4.659789905221E+14
2022-10-23,4.7793605656732E+14
2022-10-24,4.9521289679007E+14
2022-10-25,5.0894007693504E+14
2022-10-26,5.1115912627862E+14
2022-10-27,5.0722764848828E+14
2022-10-28,5.2844562492531E+14
2022-10-29,5.1909032302959E+14
2022-10-30,482122239989416
2022-10-31,4.7563789428163E+14
2022-11-01,4.942723568267E+14
2022-11-02,5.2389054312686E+14
2022-11-03,5.2118947715693E+14
2022-11-04,5.4001566813666E+14
2022-11-05,5.4621725328069E+14
2022-11-06,5.3429546647708E+14
2022-11-07,5.4376833464911E+14
2022-11-08,5.4761063437812E+14
2022-11-09,5.3359235023004E+14
2022-11-10,5.3024278652802E+14
2022-11-11,5.5541884587252E+14
2022-11-12,5.3461148657818E+14
2022-11-13,5.3272306588899E+14
2022-11-14,5.3900013223748E+14
2022-11-15,5.6032718526965E+14
2022-11-16,5.7340597737819E+14
2022-11-17,5.3424352578439E+14
2022-11-18,5.4562534416226E+14
2022-11-19,5.5089333843558E+14
2022-11-20,531887454867938
2022-11-21,5.4431556249296E+14
2022-11-22,5.4569185802211E+14
2022-11-23,5.9373121736562E+14
2022-11-24,5.9964708155288E+14
2022-11-25,5.7339758772006E+14
2022-11-26,5.448491795479E+14
2022-11-27,5.4135751700471E+14
2022-11-28,5.5842808493678E+14
2022-11-29,5.6403050689549E+14
2022-11-30,5.6385359831303E+14
2022-12-01,5.8997147384145E+14
2022-12-02,590812592111725
2022-12-03,5.9946889054276E+14
2022-12-04,5.9464994555842E+14
2022-12-05,573279336280716
2022-12-06,6.0868357445908E+14
2022-12-07,6.1557831791031E+14
2022-12-08,5.5102911861302E+14
2022-12-09,5.8636023887236E+14
2022-12-10,5.5424495433465E+14
2022-12-11,5.5826193138173E+14
2022-12-12,5.7416937946112E+14
2022-12-13,5.6919627819539E+14
2022-12-14,5.7524130079225E+14
2022-12-15,6.0953352427419E+14
2022-12-16,560030512979656
2022-12-17,5.5155560939739E+14
2022-12-18,5.9731550832004E+14
2022-12-19,5.5562525712319E+14
2022-12-20,5.9942615488079E+14
2022-12-21,6.1490039796342E+14
2022-12-22,6.0466489670907E+14
2022-12-23,585699395226799
2022-12-24,5.8860447808575E+14
2022-12-25,5.9049930696312E+14
2022-12-26,6.2692465618423E+14
2022-12-27,607766784636247
2022-12-28,5.7774987751164E+14
2022-12-29,5.9696365605126E+14
2022-12-30,6.3703581330614E+14
2022-12-31,6.2585913804873E+14
2023-01-01,5.7045704229085E+14
2023-01-02,5.7309507721545E+14
2023-01-03,5.9867905375991E+14
2023-01-04,6.018520740258E+14
2023-01-05,5.9367600560364E+14
2023-01-06,5.800807230182E+14
2023-01-07,601587344353147
2023-01-08,6.0212284404593E+14
2023-01-09,6.1768982953397E+14
2023-01-10,6.09727239006E+14
2023-01-11,6.1976103292591E+14
2023-01-12,5.744351828685E+14
2023-01-13,5.9404954244375E+14
2023-01-14,6.245081504167E+14
2023-01-15,621402838474605
2023-01-16,644625225274970
2023-01-17,6.5695452660577E+14
2023-01-18,6.4864076283407E+14
2023-01-19,6.6522647365093E+14
2023-01-20,6.6925708137468E+14
2023-01-21,6.2037424355651E+14
2023-01-22,6.4496595455839E+14
2023-01-23,6.569560383718E+14
2023-01-24,6.6813569536566E+14
2023-01-25,6.6229962395005E+14
2023-01-26,7.461141007747E+14
2023-01-27,6.857380157363E+14
2023-01-28,689652615696541
2023-01-29,690981205347549
2023-01-30,6.7884629512174E+14
2023-01-31,6.7265710777906E+14
2023-02-01,6.6782835112404E+14
2023-02-02,6.388910026409E+14
2023-02-03,686727314716219
2023-02-04,7.2095286638299E+14
2023-02-05,696760785710408
2023-02-06,6.6486586299995E+14
2023-02-07,6.9779476099904E+14
2023-02-08,7.072276433764E+14
2023-02-09,6.5602727158360E+14
2023-02-10,6.7685037325691E+14
2023-02-11,7.0268679025216E+14
2023-02-12,7.1487289770034E+14
2023-02-13,6.9508775889141E+14
2023-02-14,7.2390502462981E+14
2023-02-15,7.0071350003336E+14
2023-02-16,7.114779346346E+14
2023-02-17,6.4010368467522E+14
2023-02-18,6.6585784488865E+14
2023-02-19,6.4447473941722E+14
2023-02-20,6.7787576315768E+14
2023-02-21,6.9767489151704E+14
2023-02-22,6.6933723483707E+14
2023-02-23,643677150901342
2023-02-24,7.2565638430105E+14
2023-02-25,7.4899971763991E+14
2023-02-26,7.2794509115568E+14
2023-02-27,6.9399795722512E+14
2023-02-28,7.1195123504847E+14
2023-03-01,7.3978227412124E+14
2023-03-02,6.7166894832319E+14
2023-03-03,724227383587278
2023-03-04,7.092951202474E+14
2023-03-05,7.0611802988276E+14
2023-03-06,6.7324915051248E+14
2023-03-07,6.7603146222638E+14
2023-03-08,6.9223477217894E+14
2023-03-09,6.8903410112095E+14
2023-03-10,7.3033382979434E+14
2023-03-11,7.1784122856913E+14
2023-03-12,7.5021734564711E+14
2023-03-13,7.0693678590129E+14
2023-03-14,7.3024021259309E+14
2023-03-15,7.1573980296063E+14
2023-03-16,6.9513160326599E+14
2023-03-17,7.3232982555142E+14
2023-03-18,6.9310298887961E+14
2023-03-19,7.1752534737118E+14
2023-03-20,7.2353224213945E+14
2023-03-21,7.3834139785270E+14
2023-03-22,6.8753199077929E+14
2023-03-23,6.8972689668544E+14
2023-03-24,725698904044090
2023-03-25,7.2846069349993E+14
2023-03-26,7.7033022483303E+14
2023-03-27,720342024159770
2023-03-28,7.3139647822616E+14
2023-03-29,6.9778741732023E+14
2023-03-30,6.6834935289348E+14
2023-03-31,7.0425258008791E+14
2023-04-01,7.1908599040004E+14
2023-04-02,7.0140058998724E+14
2023-04-03,7.1103440387537E+14
2023-04-04,689395588500591
2023-04-05,678801624936250
2023-04-06,7.2159890442354E+14
2023-04-07,7.2033427859289E+14
2023-04-08,7.3234184660876E+14
2023-04-09,770345638341623
2023-04-10,7.5498011909462E+14
2023-04-11,7.1903433058001E+14
2023-04-12,7.2592651606157E+14
2023-04-13,6.6957933659791E+14
2023-04-14,6.9904915244227E+14
2023-04-15,7.2818336640853E+14
2023-04-16,7.4266384350043E+14
2023-04-17,7.3257265549622E+14
2023-04-18,722323555000477
2023-04-19,697791509043884
2023-04-20,6.8372906697874E+14
2023-04-21,7.463910874682E+14
2023-04-22,7.6002429388441E+14
2023-04-23,7.2933196732339E+14
2023-04-24,7.1916170048853E+14
2023-04-25,6.9905303086053E+14
2023-04-26,7.4029101642256E+14
2023-04-27,6.7877803914621E+14
2023-04-28,6.8744522089103E+14
2023-04-29,6.8776632806546E+14
2023-04-30,7.0684185323647E+14
2023-05-01,7.5201296758433E+14
2023-05-02,7.5664579457591E+14
2023-05-03,6.5854196209302E+14
2023-05-04,6.7333446719965E+14
2023-05-05,7.2997752310898E+14
2023-05-06,7.1599517036778E+14
2023-05-07,653048707616475
2023-05-08,6.3155786927671E+14
2023-05-09,6.3463095502469E+14
2023-05-10,6.6741756210033E+14
2023-05-11,6.7535852602226E+14
2023-05-12,6.403333475025E+14
2023-05-13,6.7248888547254E+14
2023-05-14,722563303279589
2023-05-15,6.7295938779683E+14
2023-05-16,6.9011145602297E+14
2023-05-17,7.1623134182954E+14
2023-05-18,7.6713139839092E+14
2023-05-19,6.7403698593281E+14
2023-05-20,682712930171835
2023-05-21,7.276769246704E+14
2023-05-22,7.3336820912673E+14
2023-05-23,6.9698594056559E+14
2023-05-24,696368683469194
2023-05-25,7.0094198567246E+14
2023-05-26,7.0018510636512E+14
2023-05-27,7.2789822989551E+14
2023-05-28,7.5454405239008E+14
2023-05-29,7.1490871736759E+14
2023-05-30,7.2292537749704E+14
2023-05-31,7.5416563878147E+14
2023-06-01,7.6831762474905E+14
2023-06-02,7.6638446942100E+14
2023-06-03,7.6719298405328E+14
2023-06-04,7.2462676874974E+14
2023-06-05,7.2041811353851E+14
2023-06-06,6.9286927006054E+14
2023-06-07,7.4354772054309E+14
2023-06-08,7.3491106371203E+14
2023-06-09,7.5600951654445E+14
2023-06-10,7.8676679535581E+14
2023-06-11,789898231431967
2023-06-12,7.1929609898952E+14
2023-06-13,7.0041160719075E+14
2023-06-14,7.4554464390535E+14
2023-06-15,6.8328754063688E+14
2023-06-16,7.2968289753848E+14
2023-06-17,743414826903532
2023-06-18,6.8123284719295E+14
2023-06-19,7.3114315188382E+14
2023-06-20,7.0135448290052E+14
2023-06-21,7.5096992103295E+14
2023-06-22,7.4238835332399E+14
2023-06-23,7.9627232154505E+14
2023-06-24,7.5120843799195E+14
2023-06-25,7.7284703221444E+14
2023-06-26,7.6274944196285E+14
2023-06-27,7.9771805141854E+14
2023-06-28,7.3737972137915E+14
2023-06-29,7.5025982369751E+14
2023-06-30,7.3981242892989E+14
2023-07-01,7.8343412175418E+14
2023-07-02,769303464623321
2023-07-03,7.6344400073779E+14
2023-07-04,7.7569607679426E+14
2023-07-05,770121923370699
2023-07-06,7.0228760050642E+14
2023-07-07,7.2344785088052E+14
2023-07-08,7.3722731512877E+14
2023-07-09,731060426883336
2023-07-10,7.4619684681907E+14
2023-07-11,7.6001069223337E+14
2023-07-12,7.3912739406685E+14
2023-07-13,749434621878967
2023-07-14,8.0723148914382E+14
2023-07-15,7.7730196562048E+14
2023-07-16,8.113193199191E+14
2023-07-17,796976443774874
2023-07-18,7.6372750403833E+14
2023-07-19,7.3674249317808E+14
2023-07-20,7.5757034368435E+14
2023-07-21,7.8000527102726E+14
2023-07-22,7.826477908701E+14
2023-07-23,799977244699395
2023-07-24,7.5604801166678E+14
2023-07-25,7.7560440789684E+14
2023-07-26,7.6996684445328E+14
2023-07-27,7.645665443911E+14
2023-07-28,7.319077985847E+14
2023-07-29,689980337147526
2023-07-30,7.5363790949375E+14
2023-07-31,8.166776966294E+14
2023-08-01,7.9400213631563E+14
2023-08-02,8.0645412890374E+14
2023-08-03,7.891944984115E+14
2023-08-04,7.5596079422724E+14
2023-08-05,7.6558530105426E+14
2023-08-06,8.0065952418606E+14
2023-08-07,7.386236444226E+14
2023-08-08,7.5853471346573E+14
2023-08-09,7.8224566887832E+14
2023-08-10,7.5907187328133E+14
2023-08-11,7.7576949856643E+14
2023-08-12,7.8599284250219E+14
2023-08-13,788668930534179
2023-08-14,7.9502749592798E+14
2023-08-15,7.7739488381661E+14
2023-08-16,7.2148978182992E+14
2023-08-17,7.4521617983872E+14
2023-08-18,7.2882409309552E+14
2023-08-19,7.6593508551107E+14
2023-08-20,7.7469292353E+14
2023-08-21,7.2507006071894E+14
2023-08-22,7.4725656683378E+14
2023-08-23,7.7163592708694E+14
2023-08-24,7.2537485746043E+14
2023-08-25,741844428787501
2023-08-26,7.533926050761E+14
2023-08-27,8.2794485420690E+14
2023-08-28,8.1879264969051E+14
2023-08-29,741565127762110
2023-08-30,7.3705164623073E+14
2023-08-31,8.1327095917978E+14
2023-09-01,7.5458972996705E+14
2023-09-02,8.0473940758898E+14
2023-09-03,843898999997628
2023-09-04,7.8883411771495E+14
2023-09-05,7.6418311624697E+14
2023-09-06,7.5005498622413E+14
2023-09-07,748234726402945
2023-09-08,8.277717679853E+14
2023-09-09,8.4867174257854E+14
2023-09-10,8.3284551525164E+14
2023-09-11,7.7716303726356E+14
2023-09-12,7.942994087117E+14
2023-09-13,805254821032466
2023-09-14,7.8808236238881E+14
2023-09-15,8.2195478085714E+14
2023-09-16,854895858589768
2023-09-17,7.9784571323612E+14
2023-09-18,7.5768180642731E+14
2023-09-19,7.8954178472365E+14
2023-09-20,7.862212982972E+14
2023-09-21,7.7798262707686E+14
2023-09-22,8.0356296053622E+14
2023-09-23,8.1707034534155E+14
2023-09-24,875480554748522
2023-09-25,7.8784023029669E+14
2023-09-26,8.4384872705809E+14
2023-09-27,8.3739601318116E+14
2023-09-28,8.1449527678743E+14
2023-09-29,8.0090397745525E+14
2023-09-30,8.6331176247956E+14
2023-10-01,7.9649457524337E+14
2023-10-02,7.9228402350921E+14
2023-10-03,7.8939804152602E+14
2023-10-04,7.8675918214482E+14
2023-10-05,7.6568340938515E+14
2023-10-06,8.4385321498594E+14
2023-10-07,8.0410198472336E+14
2023-10-08,8.3721483736665E+14
2023-10-09,7.7113156879429E+14
2023-10-10,7.7385515033986E+14
2023-10-11,8.179900819322E+14
2023-10-12,813197362170627
2023-10-13,8.1614714600448E+14
2023-10-14,8.6672710093572E+14
2023-10-15,9.0787146761951E+14
2023-10-16,834220326744213
2023-10-17,8.029736612037E+14
2023-10-18,7.9999218246336E+14
2023-10-19,827156534976373
2023-10-20,7.9607593595936E+14
2023-10-21,8.1332088942529E+14
2023-10-22,7.8209274741645E+14
2023-10-23,8.4080125324674E+14
2023-10-24,7.9600271211325E+14
2023-10-25,8.3508055958028E+14
2023-10-26,8.0532425158175E+14
2023-10-27,8.4125641167151E+14
2023-10-28,8.7428767162484E+14
2023-10-29,8.3496059087912E+14
2023-10-30,7.8627180060055E+14
2023-10-31,7.7651048424278E+14
2023-11-01,7.4411193456826E+14
2023-11-02,8.1555337451328E+14
2023-11-03,8.3927866516124E+14
2023-11-04,8.0097055765447E+14
2023-11-05,8.8816604680258E+14
2023-11-06,8.3881164579992E+14
2023-11-07,8.404190445538E+14
2023-11-08,8.667427717015E+14
2023-11-09,8.1189329793503E+14
2023-11-10,7.7188963518335E+14
2023-11-11,8.2194568060251E+14
2023-11-12,7.8343731316652E+14
2023-11-13,8.2945729184752E+14
2023-11-14,8.4497137221340E+14
2023-11-15,8.43381305747E+14
2023-11-16,8.3636424558232E+14
2023-11-17,8.8777412592937E+14
2023-11-18,8.3546082093948E+14
2023-11-19,8.2930693109107E+14
2023-11-20,824308239369201
2023-11-21,8.176196273418E+14
2023-11-22,8.6575845842128E+14
2023-11-23,8.6032818289716E+14
2023-11-24,820343838553811
2023-11-25,8.3650416398762E+14
2023-11-26,8.1543892444178E+14
2023-11-27,8.1684624789215E+14
2023-11-28,7.9823283808223E+14
2023-11-29,8.2771056308692E+14
2023-11-30,8.8535815409603E+14
2023-12-01,8.7671029322628E+14
2023-12-02,7.4538016252098E+14
2023-12-03,762414388644790
2023-12-04,7.0730295713613E+14
2023-12-05,7.8201202881386E+14
2023-12-06,7.4471137790127E+14
2023-12-07,796446017389638
2023-12-08,796368727414793
2023-12-09,8.1666143070268E+14
2023-12-10,8.9133224884149E+14
2023-12-11,8.9223172800897E+14
2023-12-12,8.4843616811116E+14
2023-12-13,8.7380431387225E+14
2023-12-14,8.6871893698836E+14
2023-12-15,7.9359013608803E+14
2023-12-16,7.5706635936341E+14
2023-12-17,6.9665692722007E+14
2023-12-18,7.1437102723079E+14
2023-12-19,677833125235350
2023-12-20,659928487106694
2023-12-21,5.9122471231406E+14
2023-12-22,6.7061309706991E+14
2023-12-23,7.1929362876938E+14
2023-12-24,7.3888545718308E+14
2023-12-25,841343813659273
2023-12-26,7.7678593074119E+14
2023-12-27,7.9708862752868E+14
2023-12-28,8.4318487592191E+14
2023-12-29,8.0351957604345E+14
2023-12-30,8.2385882097616E+14
2023-12-31,8.3880928825424E+14
2024-01-01,8.1748465047826E+14
2024-01-02,9.0363589298767E+14
2024-01-03,8.8036099492327E+14
2024-01-04,8.456187286086E+14
2024-01-05,7.823346792847E+14
2024-01-06,8.1677216654499E+14
2024-01-07,7.7697379091599E+14
2024-01-08,819298961040964
2024-01-09,8.158149032309E+14
2024-01-10,8.6238172614482E+14
2024-01-11,8.8958706389481E+14
2024-01-12,8.9881249231209E+14
2024-01-13,9.3671213277293E+14
2024-01-14,9.4945431012077E+14
2024-01-15,8.2489572242484E+14
2024-01-16,8.2511525138294E+14
2024-01-17,826317728005647
2024-01-18,844083721858339
2024-01-19,8.7320806773352E+14
2024-01-20,9.6327012381193E+14
2024-01-21,9.3397343085931E+14
2024-01-22,9.1043356971886E+14
2024-01-23,8.7247567246612E+14
2024-01-24,862687124019974
2024-01-25,9.3750949580512E+14
2024-01-26,9.02137889644E+14
2024-01-27,9.1040547879479E+14
2024-01-28,9.3625444225743E+14
2024-01-29,9.2834479167915E+14
2024-01-30,9.6471501333458E+14
2024-01-31,1.0057132620366E+15
2024-02-01,9.1749454568206E+14
2024-02-02,9.1938151894362E+14
2024-02-03,8.8783358394986E+14
2024-02-04,9.2584434903928E+14
2024-02-05,9.5591354376459E+14
2024-02-06,947048610943273
2024-02-07,9.5138540838327E+14
2024-02-08,1.0275215939224E+15
2024-02-09,9.5627553487716E+14
2024-02-10,996550476682013
2024-02-11,9.6825568213474E+14
2024-02-12,1.0030487941905E+15
2024-02-13,9.96864121675E+14
2024-02-14,9.6056805240469E+14
2024-02-15,9.845795053099E+14
2024-02-16,9.2051265938496E+14
2024-02-17,9.9055041062712E+14
2024-02-18,9.5443637374923E+14
2024-02-19,9.3085282273542E+14
2024-02-20,9.4430391363491E+14
2024-02-21,9.9883606885241E+14
2024-02-22,1.0125777543966E+15
2024-02-23,9.4653343667024E+14
2024-02-24,1.0284951508617E+15
2024-02-25,9.7465635465018E+14
2024-02-26,9.8820948728114E+14
2024-02-27,9.4854468226409E+14
2024-02-28,978606077930864
2024-02-29,9.6945659254588E+14
2024-03-01,9.2840789924864E+14
2024-03-02,9.7652603401454E+14
2024-03-03,9.3253433562215E+14
2024-03-04,8.9046779647214E+14
2024-03-05,9.1526413472685E+14
2024-03-06,9.5095817306953E+14
2024-03-07,9.9501014981952E+14
2024-03-08,1.0639839041193E+15
2024-03-09,1088775259846218
2024-03-10,9.9382950081064E+14
2024-03-11,9.9240685159904E+14
2024-03-12,9.8392617445652E+14
2024-03-13,9.5989922806178E+14
2024-03-14,9.6393306706304E+14
2024-03-15,9.9343128925986E+14
2024-03-16,1.0079156922438E+15
2024-03-17,1.0043311406696E+15
2024-03-18,1.02247441919E+15